场景,编号,文案,图片url,音频url,视频url
A,1,刘恋生日快乐0001,./content/0001.png,./content/0001.mp3,
A,2,刘恋生日快乐0002,./content/0002.png,,./content/0002.mp4
A,3,刘恋生日快乐0003,./content/0003.png,,
A,4,刘恋生日快乐0004,./content/0004.png,,
A,5,刘恋生日快乐0005,./content/0005.png,,
A,6,刘恋生日快乐0006,./content/0006.png,,
A,7,刘恋生日快乐0007,./content/0007.png,,
A,8,刘恋生日快乐0008,./content/0008.png,,
A,9,刘恋生日快乐0009,./content/0009.png,,
A,10,刘恋生日快乐0010,./content/0010.png,,
A,11,刘恋生日快乐0011,./content/0011.png,,
A,12,刘恋生日快乐0012,./content/0012.png,,
A,13,刘恋生日快乐0013,./content/0013.png,,
A,14,刘恋生日快乐0014,./content/0014.png,,
A,15,刘恋生日快乐0015,./content/0015.png,,
A,16,刘恋生日快乐0016,./content/0016.png,,
A,17,刘恋生日快乐0017,./content/0017.png,,
A,18,刘恋生日快乐0018,./content/0018.png,,
A,19,刘恋生日快乐0019,./content/0019.png,,
A,20,刘恋生日快乐0020,./content/0020.png,,
A,21,刘恋生日快乐0021,./content/0021.png,,
A,22,刘恋生日快乐0022,./content/0022.png,,
A,23,刘恋生日快乐0023,./content/0023.png,,
A,24,刘恋生日快乐0024,./content/0024.png,,
A,25,刘恋生日快乐0025,./content/0025.png,,
A,26,刘恋生日快乐0026,./content/0026.png,,
A,27,刘恋生日快乐0027,./content/0027.png,,
A,28,刘恋生日快乐0028,./content/0028.png,,
A,29,刘恋生日快乐0029,./content/0029.png,,
A,30,刘恋生日快乐0030,./content/0030.png,,
A,31,刘恋生日快乐0031,./content/0031.png,,
A,32,刘恋生日快乐0032,./content/0032.png,,
A,33,刘恋生日快乐0033,./content/0033.png,,
A,34,刘恋生日快乐0034,./content/0034.png,,
A,35,刘恋生日快乐0035,./content/0035.png,,
A,36,刘恋生日快乐0036,./content/0036.png,,
A,37,刘恋生日快乐0037,./content/0037.png,,
A,38,刘恋生日快乐0038,./content/0038.png,,
A,39,刘恋生日快乐0039,./content/0039.png,,
A,40,刘恋生日快乐0040,./content/0040.png,,
A,41,刘恋生日快乐0041,./content/0041.png,,
A,42,刘恋生日快乐0042,./content/0042.png,,
A,43,刘恋生日快乐0043,./content/0043.png,,
A,44,刘恋生日快乐0044,./content/0044.png,,
A,45,刘恋生日快乐0045,./content/0045.png,,
A,46,刘恋生日快乐0046,./content/0046.png,,
A,47,刘恋生日快乐0047,./content/0047.png,,
A,48,刘恋生日快乐0048,./content/0048.png,,
A,49,刘恋生日快乐0049,./content/0049.png,,
A,50,刘恋生日快乐0050,./content/0050.png,,
A,51,刘恋生日快乐0051,./content/0051.png,,
A,52,刘恋生日快乐0052,./content/0052.png,,
A,53,刘恋生日快乐0053,./content/0053.png,,
A,54,刘恋生日快乐0054,./content/0054.png,,
A,55,刘恋生日快乐0055,./content/0055.png,,
A,56,刘恋生日快乐0056,./content/0056.png,,
A,57,刘恋生日快乐0057,./content/0057.png,,
A,58,刘恋生日快乐0058,./content/0058.png,,
A,59,刘恋生日快乐0059,./content/0059.png,,
A,60,刘恋生日快乐0060,./content/0060.png,,
A,61,刘恋生日快乐0061,./content/0061.png,,
A,62,刘恋生日快乐0062,./content/0062.png,,
A,63,刘恋生日快乐0063,./content/0063.png,,
A,64,刘恋生日快乐0064,./content/0064.png,,
A,65,刘恋生日快乐0065,./content/0065.png,,
A,66,刘恋生日快乐0066,./content/0066.png,,
A,67,刘恋生日快乐0067,./content/0067.png,,
A,68,刘恋生日快乐0068,./content/0068.png,,
A,69,刘恋生日快乐0069,./content/0069.png,,
A,70,刘恋生日快乐0070,./content/0070.png,,
A,71,刘恋生日快乐0071,./content/0071.png,,
A,72,刘恋生日快乐0072,./content/0072.png,,
A,73,刘恋生日快乐0073,./content/0073.png,,
A,74,刘恋生日快乐0074,./content/0074.png,,
A,75,刘恋生日快乐0075,./content/0075.png,,
A,76,刘恋生日快乐0076,./content/0076.png,,
A,77,刘恋生日快乐0077,./content/0077.png,,
A,78,刘恋生日快乐0078,./content/0078.png,,
A,79,刘恋生日快乐0079,./content/0079.png,,
A,80,刘恋生日快乐0080,./content/0080.png,,
A,81,刘恋生日快乐0081,./content/0081.png,,
A,82,刘恋生日快乐0082,./content/0082.png,,
A,83,刘恋生日快乐0083,./content/0083.png,,
A,84,刘恋生日快乐0084,./content/0084.png,,
A,85,刘恋生日快乐0085,./content/0085.png,,
A,86,刘恋生日快乐0086,./content/0086.png,,
A,87,刘恋生日快乐0087,./content/0087.png,,
A,88,刘恋生日快乐0088,./content/0088.png,,
A,89,刘恋生日快乐0089,./content/0089.png,,
A,90,刘恋生日快乐0090,./content/0090.png,,
A,91,刘恋生日快乐0091,./content/0091.png,,
A,92,刘恋生日快乐0092,./content/0092.png,,
A,93,刘恋生日快乐0093,./content/0093.png,,
A,94,刘恋生日快乐0094,./content/0094.png,,
A,95,刘恋生日快乐0095,./content/0095.png,,
A,96,刘恋生日快乐0096,./content/0096.png,,
A,97,刘恋生日快乐0097,./content/0097.png,,
A,98,刘恋生日快乐0098,./content/0098.png,,
A,99,刘恋生日快乐0099,./content/0099.png,,
A,100,刘恋生日快乐0100,./content/0100.png,,
B,101,刘恋生日快乐0101,./content/0101.png,,
B,102,刘恋生日快乐0102,./content/0102.png,,
B,103,刘恋生日快乐0103,./content/0103.png,,
B,104,刘恋生日快乐0104,./content/0104.png,,
B,105,刘恋生日快乐0105,./content/0105.png,,
B,106,刘恋生日快乐0106,./content/0106.png,,
B,107,刘恋生日快乐0107,./content/0107.png,,
B,108,刘恋生日快乐0108,./content/0108.png,,
B,109,刘恋生日快乐0109,./content/0109.png,,
B,110,刘恋生日快乐0110,./content/0110.png,,
B,111,刘恋生日快乐0111,./content/0111.png,,
B,112,刘恋生日快乐0112,./content/0112.png,,
B,113,刘恋生日快乐0113,./content/0113.png,,
B,114,刘恋生日快乐0114,./content/0114.png,,
B,115,刘恋生日快乐0115,./content/0115.png,,
B,116,刘恋生日快乐0116,./content/0116.png,,
B,117,刘恋生日快乐0117,./content/0117.png,,
B,118,刘恋生日快乐0118,./content/0118.png,,
B,119,刘恋生日快乐0119,./content/0119.png,,
B,120,刘恋生日快乐0120,./content/0120.png,,
B,121,刘恋生日快乐0121,./content/0121.png,,
B,122,刘恋生日快乐0122,./content/0122.png,,
B,123,刘恋生日快乐0123,./content/0123.png,,
B,124,刘恋生日快乐0124,./content/0124.png,,
B,125,刘恋生日快乐0125,./content/0125.png,,
B,126,刘恋生日快乐0126,./content/0126.png,,
B,127,刘恋生日快乐0127,./content/0127.png,,
B,128,刘恋生日快乐0128,./content/0128.png,,
B,129,刘恋生日快乐0129,./content/0129.png,,
B,130,刘恋生日快乐0130,./content/0130.png,,
B,131,刘恋生日快乐0131,./content/0131.png,,
B,132,刘恋生日快乐0132,./content/0132.png,,
B,133,刘恋生日快乐0133,./content/0133.png,,
B,134,刘恋生日快乐0134,./content/0134.png,,
B,135,刘恋生日快乐0135,./content/0135.png,,
B,136,刘恋生日快乐0136,./content/0136.png,,
B,137,刘恋生日快乐0137,./content/0137.png,,
B,138,刘恋生日快乐0138,./content/0138.png,,
B,139,刘恋生日快乐0139,./content/0139.png,,
B,140,刘恋生日快乐0140,./content/0140.png,,
B,141,刘恋生日快乐0141,./content/0141.png,,
B,142,刘恋生日快乐0142,./content/0142.png,,
B,143,刘恋生日快乐0143,./content/0143.png,,
B,144,刘恋生日快乐0144,./content/0144.png,,
B,145,刘恋生日快乐0145,./content/0145.png,,
B,146,刘恋生日快乐0146,./content/0146.png,,
B,147,刘恋生日快乐0147,./content/0147.png,,
B,148,刘恋生日快乐0148,./content/0148.png,,
B,149,刘恋生日快乐0149,./content/0149.png,,
B,150,刘恋生日快乐0150,./content/0150.png,,
B,151,刘恋生日快乐0151,./content/0151.png,,
B,152,刘恋生日快乐0152,./content/0152.png,,
B,153,刘恋生日快乐0153,./content/0153.png,,
B,154,刘恋生日快乐0154,./content/0154.png,,
B,155,刘恋生日快乐0155,./content/0155.png,,
B,156,刘恋生日快乐0156,./content/0156.png,,
B,157,刘恋生日快乐0157,./content/0157.png,,
B,158,刘恋生日快乐0158,./content/0158.png,,
B,159,刘恋生日快乐0159,./content/0159.png,,
B,160,刘恋生日快乐0160,./content/0160.png,,
B,161,刘恋生日快乐0161,./content/0161.png,,
B,162,刘恋生日快乐0162,./content/0162.png,,
B,163,刘恋生日快乐0163,./content/0163.png,,
B,164,刘恋生日快乐0164,./content/0164.png,,
B,165,刘恋生日快乐0165,./content/0165.png,,
B,166,刘恋生日快乐0166,./content/0166.png,,
B,167,刘恋生日快乐0167,./content/0167.png,,
B,168,刘恋生日快乐0168,./content/0168.png,,
B,169,刘恋生日快乐0169,./content/0169.png,,
B,170,刘恋生日快乐0170,./content/0170.png,,
B,171,刘恋生日快乐0171,./content/0171.png,,
B,172,刘恋生日快乐0172,./content/0172.png,,
B,173,刘恋生日快乐0173,./content/0173.png,,
B,174,刘恋生日快乐0174,./content/0174.png,,
B,175,刘恋生日快乐0175,./content/0175.png,,
B,176,刘恋生日快乐0176,./content/0176.png,,
B,177,刘恋生日快乐0177,./content/0177.png,,
B,178,刘恋生日快乐0178,./content/0178.png,,
B,179,刘恋生日快乐0179,./content/0179.png,,
B,180,刘恋生日快乐0180,./content/0180.png,,
B,181,刘恋生日快乐0181,./content/0181.png,,
B,182,刘恋生日快乐0182,./content/0182.png,,
B,183,刘恋生日快乐0183,./content/0183.png,,
B,184,刘恋生日快乐0184,./content/0184.png,,
B,185,刘恋生日快乐0185,./content/0185.png,,
B,186,刘恋生日快乐0186,./content/0186.png,,
B,187,刘恋生日快乐0187,./content/0187.png,,
B,188,刘恋生日快乐0188,./content/0188.png,,
B,189,刘恋生日快乐0189,./content/0189.png,,
B,190,刘恋生日快乐0190,./content/0190.png,,
B,191,刘恋生日快乐0191,./content/0191.png,,
B,192,刘恋生日快乐0192,./content/0192.png,,
B,193,刘恋生日快乐0193,./content/0193.png,,
B,194,刘恋生日快乐0194,./content/0194.png,,
B,195,刘恋生日快乐0195,./content/0195.png,,
B,196,刘恋生日快乐0196,./content/0196.png,,
B,197,刘恋生日快乐0197,./content/0197.png,,
B,198,刘恋生日快乐0198,./content/0198.png,,
B,199,刘恋生日快乐0199,./content/0199.png,,
B,200,刘恋生日快乐0200,./content/0200.png,,
C,201,刘恋生日快乐0201,./content/0201.jpg,,
C,202,刘恋生日快乐0202,./content/0202.jpg,,
C,203,刘恋生日快乐0203,./content/0203.jpg,,
C,204,刘恋生日快乐0204,./content/0204.jpg,,
C,205,刘恋生日快乐0205,./content/0205.jpg,,
C,206,刘恋生日快乐0206,./content/0206.jpg,,
C,207,刘恋生日快乐0207,./content/0207.jpg,,
C,208,刘恋生日快乐0208,./content/0208.jpg,,
C,209,刘恋生日快乐0209,./content/0209.jpg,,
C,210,刘恋生日快乐0210,./content/0210.jpg,,
C,211,刘恋生日快乐0211,./content/0211.jpg,,
C,212,刘恋生日快乐0212,./content/0212.jpg,,
C,213,刘恋生日快乐0213,./content/0213.jpg,,
C,214,刘恋生日快乐0214,./content/0214.jpg,,
C,215,刘恋生日快乐0215,./content/0215.jpg,,
C,216,刘恋生日快乐0216,./content/0216.jpg,,
C,217,刘恋生日快乐0217,./content/0217.jpg,,
C,218,刘恋生日快乐0218,./content/0218.jpg,,
C,219,刘恋生日快乐0219,./content/0219.jpg,,
C,220,刘恋生日快乐0220,./content/0220.jpg,,
C,221,刘恋生日快乐0221,./content/0221.jpg,,
C,222,刘恋生日快乐0222,./content/0222.jpg,,
C,223,刘恋生日快乐0223,./content/0223.jpg,,
C,224,刘恋生日快乐0224,./content/0224.jpg,,
C,225,刘恋生日快乐0225,./content/0225.jpg,,
C,226,刘恋生日快乐0226,./content/0226.jpg,,
C,227,刘恋生日快乐0227,./content/0227.jpg,,
C,228,刘恋生日快乐0228,./content/0228.jpg,,
C,229,刘恋生日快乐0229,./content/0229.jpg,,
C,230,刘恋生日快乐0230,./content/0230.jpg,,
C,231,刘恋生日快乐0231,./content/0231.jpg,,
C,232,刘恋生日快乐0232,./content/0232.jpg,,
C,233,刘恋生日快乐0233,./content/0233.jpg,,
C,234,刘恋生日快乐0234,./content/0234.jpg,,
C,235,刘恋生日快乐0235,./content/0235.jpg,,
C,236,刘恋生日快乐0236,./content/0236.jpg,,
C,237,刘恋生日快乐0237,./content/0237.jpg,,
C,238,刘恋生日快乐0238,./content/0238.jpg,,
C,239,刘恋生日快乐0239,./content/0239.jpg,,
C,240,刘恋生日快乐0240,./content/0240.jpg,,
C,241,刘恋生日快乐0241,./content/0241.jpg,,
C,242,刘恋生日快乐0242,./content/0242.jpg,,
C,243,刘恋生日快乐0243,./content/0243.jpg,,
C,244,刘恋生日快乐0244,./content/0244.jpg,,
C,245,刘恋生日快乐0245,./content/0245.jpg,,
C,246,刘恋生日快乐0246,./content/0246.jpg,,
C,247,刘恋生日快乐0247,./content/0247.jpg,,
C,248,刘恋生日快乐0248,./content/0248.jpg,,
C,249,刘恋生日快乐0249,./content/0249.jpg,./content/0250.mp3,
C,250,刘恋生日快乐0250,./content/0250.jpg,,
C,251,刘恋生日快乐0251,./content/0251.jpg,,
C,252,刘恋生日快乐0252,./content/0252.jpg,,
C,253,刘恋生日快乐0253,./content/0253.jpg,,
C,254,刘恋生日快乐0254,./content/0254.jpg,,
C,255,刘恋生日快乐0255,./content/0255.jpg,,
C,256,刘恋生日快乐0256,./content/0256.jpg,,
C,257,刘恋生日快乐0257,./content/0257.jpg,,
C,258,刘恋生日快乐0258,./content/0258.jpg,,
C,259,刘恋生日快乐0259,./content/0259.jpg,,
C,260,刘恋生日快乐0260,./content/0260.jpg,,
C,261,刘恋生日快乐0261,./content/0261.jpg,,
C,262,刘恋生日快乐0262,./content/0262.jpg,,
C,263,刘恋生日快乐0263,./content/0263.jpg,,
C,264,刘恋生日快乐0264,./content/0264.jpg,,
C,265,刘恋生日快乐0265,./content/0265.jpg,,
C,266,刘恋生日快乐0266,./content/0266.jpg,,
C,267,刘恋生日快乐0267,./content/0267.jpg,,
C,268,刘恋生日快乐0268,./content/0268.jpg,,
C,269,刘恋生日快乐0269,./content/0269.jpg,,
C,270,刘恋生日快乐0270,./content/0270.jpg,,
C,271,刘恋生日快乐0271,./content/0271.jpg,,
C,272,刘恋生日快乐0272,./content/0272.jpg,,
C,273,刘恋生日快乐0273,./content/0273.jpg,,
C,274,刘恋生日快乐0274,./content/0274.jpg,,
C,275,刘恋生日快乐0275,./content/0275.jpg,,
C,276,刘恋生日快乐0276,./content/0276.jpg,,
C,277,刘恋生日快乐0277,./content/0277.jpg,,
C,278,刘恋生日快乐0278,./content/0278.jpg,,
C,279,刘恋生日快乐0279,./content/0279.jpg,,
C,280,刘恋生日快乐0280,./content/0280.jpg,,
C,281,刘恋生日快乐0281,./content/0281.jpg,,
C,282,刘恋生日快乐0282,./content/0282.jpg,,
C,283,刘恋生日快乐0283,./content/0283.jpg,,
C,284,刘恋生日快乐0284,./content/0284.jpg,,
C,285,刘恋生日快乐0285,./content/0285.jpg,,
C,286,刘恋生日快乐0286,./content/0286.jpg,,
C,287,刘恋生日快乐0287,./content/0287.jpg,,
C,288,刘恋生日快乐0288,./content/0288.jpg,,
C,289,刘恋生日快乐0289,./content/0289.jpg,,
C,290,刘恋生日快乐0290,./content/0290.jpg,,
C,291,刘恋生日快乐0291,./content/0291.jpg,,
C,292,刘恋生日快乐0292,./content/0292.jpg,,
C,293,刘恋生日快乐0293,./content/0293.jpg,,
C,294,刘恋生日快乐0294,./content/0294.jpg,,
C,295,刘恋生日快乐0295,./content/0295.jpg,,
C,296,刘恋生日快乐0296,./content/0296.jpg,,
C,297,刘恋生日快乐0297,./content/0297.jpg,,
C,298,刘恋生日快乐0298,./content/0298.jpg,,
C,299,刘恋生日快乐0299,./content/0299.jpg,,
C,300,刘恋生日快乐0300,./content/0300.jpg,,
D,301,刘恋生日快乐0301,./content/0301.jpg,,
D,302,刘恋生日快乐0302,./content/0302.jpg,,
D,303,刘恋生日快乐0303,./content/0303.jpg,,
D,304,刘恋生日快乐0304,./content/0304.jpg,,
D,305,刘恋生日快乐0305,./content/0305.jpg,,
D,306,刘恋生日快乐0306,./content/0306.jpg,,
D,307,刘恋生日快乐0307,./content/0307.jpg,,
D,308,刘恋生日快乐0308,./content/0308.jpg,,
D,309,刘恋生日快乐0309,./content/0309.jpg,,
D,310,刘恋生日快乐0310,./content/0310.jpg,,
D,311,刘恋生日快乐0311,./content/0311.jpg,,
D,312,刘恋生日快乐0312,./content/0312.jpg,,
D,313,刘恋生日快乐0313,./content/0313.jpg,,
D,314,刘恋生日快乐0314,./content/0314.jpg,,
D,315,刘恋生日快乐0315,./content/0315.jpg,,
D,316,刘恋生日快乐0316,./content/0316.jpg,,
D,317,刘恋生日快乐0317,./content/0317.jpg,,
D,318,刘恋生日快乐0318,./content/0318.jpg,,
D,319,刘恋生日快乐0319,./content/0319.jpg,,
D,320,刘恋生日快乐0320,./content/0320.jpg,,
D,321,刘恋生日快乐0321,./content/0321.jpg,,
D,322,刘恋生日快乐0322,./content/0322.jpg,,
D,323,刘恋生日快乐0323,./content/0323.jpg,,
D,324,刘恋生日快乐0324,./content/0324.jpg,,
D,325,刘恋生日快乐0325,./content/0325.jpg,,
D,326,刘恋生日快乐0326,./content/0326.jpg,,
D,327,刘恋生日快乐0327,./content/0327.jpg,,
D,328,刘恋生日快乐0328,./content/0328.jpg,,
D,329,刘恋生日快乐0329,./content/0329.jpg,,
D,330,刘恋生日快乐0330,./content/0330.jpg,,
D,331,刘恋生日快乐0331,./content/0331.jpg,,
D,332,刘恋生日快乐0332,./content/0332.jpg,,
D,333,刘恋生日快乐0333,./content/0333.jpg,,
D,334,刘恋生日快乐0334,./content/0334.jpg,,
D,335,刘恋生日快乐0335,./content/0335.jpg,,
D,336,刘恋生日快乐0336,./content/0336.jpg,,
D,337,刘恋生日快乐0337,./content/0337.jpg,,
D,338,刘恋生日快乐0338,./content/0338.jpg,,
D,339,刘恋生日快乐0339,./content/0339.jpg,,
D,340,刘恋生日快乐0340,./content/0340.jpg,,
D,341,刘恋生日快乐0341,./content/0341.jpg,,
D,342,刘恋生日快乐0342,./content/0342.jpg,,
D,343,刘恋生日快乐0343,./content/0343.jpg,,
D,344,刘恋生日快乐0344,./content/0344.jpg,,
D,345,刘恋生日快乐0345,./content/0345.jpg,,
D,346,刘恋生日快乐0346,./content/0346.jpg,,
D,347,刘恋生日快乐0347,./content/0347.jpg,,
D,348,刘恋生日快乐0348,./content/0348.jpg,,
D,349,刘恋生日快乐0349,./content/0349.jpg,,
D,350,刘恋生日快乐0350,./content/0350.jpg,,
D,351,刘恋生日快乐0351,./content/0351.jpg,,
D,352,刘恋生日快乐0352,./content/0352.jpg,,
D,353,刘恋生日快乐0353,./content/0353.jpg,,
D,354,刘恋生日快乐0354,./content/0354.jpg,,
D,355,刘恋生日快乐0355,./content/0355.jpg,,
D,356,刘恋生日快乐0356,./content/0356.jpg,,
D,357,刘恋生日快乐0357,./content/0357.jpg,,
D,358,刘恋生日快乐0358,./content/0358.jpg,,
D,359,刘恋生日快乐0359,./content/0359.jpg,,
D,360,刘恋生日快乐0360,./content/0360.jpg,,
D,361,刘恋生日快乐0361,./content/0361.jpg,,
D,362,刘恋生日快乐0362,./content/0362.jpg,,
D,363,刘恋生日快乐0363,./content/0363.jpg,,
D,364,刘恋生日快乐0364,./content/0364.jpg,,
D,365,刘恋生日快乐0365,./content/0365.jpg,,
D,366,刘恋生日快乐0366,./content/0366.jpg,,
D,367,刘恋生日快乐0367,./content/0367.jpg,,
D,368,刘恋生日快乐0368,./content/0368.jpg,,
D,369,刘恋生日快乐0369,./content/0369.jpg,,
D,370,刘恋生日快乐0370,./content/0370.jpg,,
D,371,刘恋生日快乐0371,./content/0371.jpg,,
D,372,刘恋生日快乐0372,./content/0372.jpg,,
D,373,刘恋生日快乐0373,./content/0373.jpg,,
D,374,刘恋生日快乐0374,./content/0374.jpg,,
D,375,刘恋生日快乐0375,./content/0375.jpg,,
D,376,刘恋生日快乐0376,./content/0376.jpg,,
D,377,刘恋生日快乐0377,./content/0377.jpg,,
D,378,刘恋生日快乐0378,./content/0378.jpg,,
D,379,刘恋生日快乐0379,./content/0379.jpg,,
D,380,刘恋生日快乐0380,./content/0380.jpg,,
D,381,刘恋生日快乐0381,./content/0381.jpg,,
D,382,刘恋生日快乐0382,./content/0382.jpg,,
D,383,刘恋生日快乐0383,./content/0383.jpg,,
D,384,刘恋生日快乐0384,./content/0384.jpg,,
D,385,刘恋生日快乐0385,./content/0385.jpg,,
D,386,刘恋生日快乐0386,./content/0386.jpg,,
D,387,刘恋生日快乐0387,./content/0387.jpg,,
D,388,刘恋生日快乐0388,./content/0388.jpg,,
D,389,刘恋生日快乐0389,./content/0389.jpg,,
D,390,刘恋生日快乐0390,./content/0390.jpg,,
D,391,刘恋生日快乐0391,./content/0391.jpg,,
D,392,刘恋生日快乐0392,./content/0392.jpg,,
D,393,刘恋生日快乐0393,./content/0393.jpg,,
D,394,刘恋生日快乐0394,./content/0394.jpg,,
D,395,刘恋生日快乐0395,./content/0395.jpg,,
D,396,刘恋生日快乐0396,./content/0396.jpg,,
D,397,刘恋生日快乐0397,./content/0397.jpg,,
D,398,刘恋生日快乐0398,./content/0398.jpg,,
D,399,刘恋生日快乐0399,./content/0399.jpg,,
D,400,刘恋生日快乐0400,./content/0400.png,,
E,401,刘恋生日快乐0401,./content/0401.png,,
E,402,刘恋生日快乐0402,./content/0402.png,,
E,403,刘恋生日快乐0403,./content/0403.png,,
E,404,刘恋生日快乐0404,./content/0404.png,,
E,405,刘恋生日快乐0405,./content/0405.png,,
E,406,刘恋生日快乐0406,./content/0406.png,,
E,407,刘恋生日快乐0407,./content/0407.png,,
E,408,刘恋生日快乐0408,./content/0408.png,,
E,409,刘恋生日快乐0409,./content/0409.png,,
E,410,刘恋生日快乐0410,./content/0410.png,,
E,411,刘恋生日快乐0411,./content/0411.png,,
E,412,刘恋生日快乐0412,./content/0412.png,,
E,413,刘恋生日快乐0413,./content/0413.png,,
E,414,刘恋生日快乐0414,./content/0414.png,,
E,415,刘恋生日快乐0415,./content/0415.png,,
E,416,刘恋生日快乐0416,./content/0416.png,,
E,417,刘恋生日快乐0417,./content/0417.png,,
E,418,刘恋生日快乐0418,./content/0418.png,,
E,419,刘恋生日快乐0419,./content/0419.png,,
E,420,刘恋生日快乐0420,./content/0420.png,,
E,421,刘恋生日快乐0421,./content/0421.png,,
E,422,刘恋生日快乐0422,./content/0422.png,,
E,423,刘恋生日快乐0423,./content/0423.png,,
E,424,刘恋生日快乐0424,./content/0424.png,,
E,425,刘恋生日快乐0425,./content/0425.png,,./content/0426.mp4
E,426,刘恋生日快乐0426,./content/0426.png,,
E,427,刘恋生日快乐0427,./content/0427.png,,
E,428,刘恋生日快乐0428,./content/0428.png,,
E,429,刘恋生日快乐0429,./content/0429.png,,
E,430,刘恋生日快乐0430,./content/0430.png,,
E,431,刘恋生日快乐0431,./content/0431.png,,
E,432,刘恋生日快乐0432,./content/0432.png,,
E,433,刘恋生日快乐0433,./content/0433.png,,
E,434,刘恋生日快乐0434,./content/0434.png,,
E,435,刘恋生日快乐0435,./content/0435.png,,
E,436,刘恋生日快乐0436,./content/0436.png,,
E,437,刘恋生日快乐0437,./content/0437.png,,
E,438,刘恋生日快乐0438,./content/0438.png,,
E,439,刘恋生日快乐0439,./content/0439.png,,
E,440,刘恋生日快乐0440,./content/0440.png,,
E,441,刘恋生日快乐0441,./content/0441.png,,
E,442,刘恋生日快乐0442,./content/0442.png,,
E,443,刘恋生日快乐0443,./content/0443.png,,
E,444,刘恋生日快乐0444,./content/0444.png,,
E,445,刘恋生日快乐0445,./content/0445.png,,
E,446,刘恋生日快乐0446,./content/0446.png,,
E,447,刘恋生日快乐0447,./content/0447.png,,
E,448,刘恋生日快乐0448,./content/0448.png,,
E,449,刘恋生日快乐0449,./content/0449.png,,
E,450,刘恋生日快乐0450,./content/0450.png,,
E,451,刘恋生日快乐0451,./content/0451.png,,
E,452,刘恋生日快乐0452,./content/0452.png,,
E,453,刘恋生日快乐0453,./content/0453.png,,
E,454,刘恋生日快乐0454,./content/0454.png,,
E,455,刘恋生日快乐0455,./content/0455.png,,
E,456,刘恋生日快乐0456,./content/0456.png,,
E,457,刘恋生日快乐0457,./content/0457.png,,
E,458,刘恋生日快乐0458,./content/0458.png,,
E,459,刘恋生日快乐0459,./content/0459.png,,
E,460,刘恋生日快乐0460,./content/0460.png,,
E,461,刘恋生日快乐0461,./content/0461.png,,
E,462,刘恋生日快乐0462,./content/0462.png,,
E,463,刘恋生日快乐0463,./content/0463.png,,
E,464,刘恋生日快乐0464,./content/0464.png,,
E,465,刘恋生日快乐0465,./content/0465.png,,
E,466,刘恋生日快乐0466,./content/0466.png,,
E,467,刘恋生日快乐0467,./content/0467.png,,
E,468,刘恋生日快乐0468,./content/0468.png,,
E,469,刘恋生日快乐0469,./content/0469.png,,
E,470,刘恋生日快乐0470,./content/0470.png,,
E,471,刘恋生日快乐0471,./content/0471.png,,
E,472,刘恋生日快乐0472,./content/0472.png,,
E,473,刘恋生日快乐0473,./content/0473.png,,
E,474,刘恋生日快乐0474,./content/0474.png,,
E,475,刘恋生日快乐0475,./content/0475.png,,
E,476,刘恋生日快乐0476,./content/0476.png,,
E,477,刘恋生日快乐0477,./content/0477.png,,
E,478,刘恋生日快乐0478,./content/0478.png,,
E,479,刘恋生日快乐0479,./content/0479.png,,
E,480,刘恋生日快乐0480,./content/0480.png,,
E,481,刘恋生日快乐0481,./content/0481.png,,
E,482,刘恋生日快乐0482,./content/0482.png,,
E,483,刘恋生日快乐0483,./content/0483.png,,
E,484,刘恋生日快乐0484,./content/0484.png,,
E,485,刘恋生日快乐0485,./content/0485.png,,
E,486,刘恋生日快乐0486,./content/0486.png,,
E,487,刘恋生日快乐0487,./content/0487.png,,
E,488,刘恋生日快乐0488,./content/0488.png,,
E,489,刘恋生日快乐0489,./content/0489.png,,
E,490,刘恋生日快乐0490,./content/0490.png,,
E,491,刘恋生日快乐0491,./content/0491.png,,
E,492,刘恋生日快乐0492,./content/0492.png,,
E,493,刘恋生日快乐0493,./content/0493.png,,
E,494,刘恋生日快乐0494,./content/0494.png,,
E,495,刘恋生日快乐0495,./content/0495.png,,
E,496,刘恋生日快乐0496,./content/0496.png,,
E,497,刘恋生日快乐0497,./content/0497.png,,
E,498,刘恋生日快乐0498,./content/0498.png,,
E,499,刘恋生日快乐0499,./content/0499.png,./content/0500.mp3,
E,500,刘恋生日快乐0500,./content/0500.png,,
F,501,刘恋生日快乐0501,./content/0501.jpg,,
F,502,刘恋生日快乐0502,./content/0502.jpg,,
F,503,刘恋生日快乐0503,./content/0503.jpg,,
F,504,刘恋生日快乐0504,./content/0504.jpg,,
F,505,刘恋生日快乐0505,./content/0505.jpg,,
F,506,刘恋生日快乐0506,./content/0506.jpg,,
F,507,刘恋生日快乐0507,./content/0507.jpg,,
F,508,刘恋生日快乐0508,./content/0508.jpg,,
F,509,刘恋生日快乐0509,./content/0509.jpg,,
F,510,刘恋生日快乐0510,./content/0510.jpg,,
F,511,刘恋生日快乐0511,./content/0511.jpg,,
F,512,刘恋生日快乐0512,./content/0512.jpg,,
F,513,刘恋生日快乐0513,./content/0513.jpg,,
F,514,刘恋生日快乐0514,./content/0514.jpg,,
F,515,刘恋生日快乐0515,./content/0515.jpg,,
F,516,刘恋生日快乐0516,./content/0516.jpg,,
F,517,刘恋生日快乐0517,./content/0517.jpg,,
F,518,刘恋生日快乐0518,./content/0518.jpg,,
F,519,刘恋生日快乐0519,./content/0519.jpg,,
F,520,刘恋生日快乐0520,./content/0520.jpg,,
F,521,刘恋生日快乐0521,./content/0521.jpg,,
F,522,刘恋生日快乐0522,./content/0522.jpg,,
F,523,刘恋生日快乐0523,./content/0523.jpg,,
F,524,刘恋生日快乐0524,./content/0524.jpg,,
F,525,刘恋生日快乐0525,./content/0525.jpg,,
F,526,刘恋生日快乐0526,./content/0526.jpg,,
F,527,刘恋生日快乐0527,./content/0527.jpg,,
F,528,刘恋生日快乐0528,./content/0528.jpg,,
F,529,刘恋生日快乐0529,./content/0529.jpg,,
F,530,刘恋生日快乐0530,./content/0530.jpg,,
F,531,刘恋生日快乐0531,./content/0531.jpg,,
F,532,刘恋生日快乐0532,./content/0532.jpg,,
F,533,刘恋生日快乐0533,./content/0533.jpg,,
F,534,刘恋生日快乐0534,./content/0534.jpg,,
F,535,刘恋生日快乐0535,./content/0535.jpg,,
F,536,刘恋生日快乐0536,./content/0536.jpg,,
F,537,刘恋生日快乐0537,./content/0537.jpg,,
F,538,刘恋生日快乐0538,./content/0538.jpg,,
F,539,刘恋生日快乐0539,./content/0539.jpg,,
F,540,刘恋生日快乐0540,./content/0540.jpg,,
F,541,刘恋生日快乐0541,./content/0541.jpg,,
F,542,刘恋生日快乐0542,./content/0542.jpg,,
F,543,刘恋生日快乐0543,./content/0543.jpg,,
F,544,刘恋生日快乐0544,./content/0544.jpg,,
F,545,刘恋生日快乐0545,./content/0545.jpg,,
F,546,刘恋生日快乐0546,./content/0546.jpg,,
F,547,刘恋生日快乐0547,./content/0547.jpg,,
F,548,刘恋生日快乐0548,./content/0548.jpg,,
F,549,刘恋生日快乐0549,./content/0549.jpg,,
F,550,刘恋生日快乐0550,./content/0550.jpg,,
F,551,刘恋生日快乐0551,./content/0551.jpg,,
F,552,刘恋生日快乐0552,./content/0552.jpg,,
F,553,刘恋生日快乐0553,./content/0553.jpg,,
F,554,刘恋生日快乐0554,./content/0554.jpg,,
F,555,刘恋生日快乐0555,./content/0555.jpg,,
F,556,刘恋生日快乐0556,./content/0556.jpg,,
F,557,刘恋生日快乐0557,./content/0557.jpg,,
F,558,刘恋生日快乐0558,./content/0558.jpg,,
F,559,刘恋生日快乐0559,./content/0559.jpg,,
F,560,刘恋生日快乐0560,./content/0560.jpg,,
F,561,刘恋生日快乐0561,./content/0561.jpg,,
F,562,刘恋生日快乐0562,./content/0562.jpg,,
F,563,刘恋生日快乐0563,./content/0563.jpg,,
F,564,刘恋生日快乐0564,./content/0564.jpg,,
F,565,刘恋生日快乐0565,./content/0565.jpg,,
F,566,刘恋生日快乐0566,./content/0566.jpg,,
F,567,刘恋生日快乐0567,./content/0567.jpg,,
F,568,刘恋生日快乐0568,./content/0568.jpg,,
F,569,刘恋生日快乐0569,./content/0569.jpg,,
F,570,刘恋生日快乐0570,./content/0570.jpg,,
F,571,刘恋生日快乐0571,./content/0571.jpg,,
F,572,刘恋生日快乐0572,./content/0572.jpg,,
F,573,刘恋生日快乐0573,./content/0573.jpg,,
F,574,刘恋生日快乐0574,./content/0574.jpg,,
F,575,刘恋生日快乐0575,./content/0575.jpg,,
F,576,刘恋生日快乐0576,./content/0576.jpg,,
F,577,刘恋生日快乐0577,./content/0577.jpg,,
F,578,刘恋生日快乐0578,./content/0578.jpg,,
F,579,刘恋生日快乐0579,./content/0579.jpg,,
F,580,刘恋生日快乐0580,./content/0580.jpg,,
F,581,刘恋生日快乐0581,./content/0581.jpg,,
F,582,刘恋生日快乐0582,./content/0582.jpg,,
F,583,刘恋生日快乐0583,./content/0583.jpg,,
F,584,刘恋生日快乐0584,./content/0584.jpg,,
F,585,刘恋生日快乐0585,./content/0585.jpg,,
F,586,刘恋生日快乐0586,./content/0586.jpg,,
F,587,刘恋生日快乐0587,./content/0587.jpg,,
F,588,刘恋生日快乐0588,./content/0588.jpg,,
F,589,刘恋生日快乐0589,./content/0589.jpg,,
F,590,刘恋生日快乐0590,./content/0590.jpg,,
F,591,刘恋生日快乐0591,./content/0591.jpg,,
F,592,刘恋生日快乐0592,./content/0592.jpg,,
F,593,刘恋生日快乐0593,./content/0593.jpg,,
F,594,刘恋生日快乐0594,./content/0594.jpg,,
F,595,刘恋生日快乐0595,./content/0595.jpg,,
F,596,刘恋生日快乐0596,./content/0596.jpg,,
F,597,刘恋生日快乐0597,./content/0597.jpg,,
F,598,刘恋生日快乐0598,./content/0598.jpg,,
F,599,刘恋生日快乐0599,./content/0599.jpg,,
F,600,刘恋生日快乐0600,./content/0600.jpg,,
G,601,刘恋生日快乐0601,./content/0601.jpg,,
G,602,刘恋生日快乐0602,./content/0602.jpg,,
G,603,刘恋生日快乐0603,./content/0603.jpg,,
G,604,刘恋生日快乐0604,./content/0604.jpg,,
G,605,刘恋生日快乐0605,./content/0605.jpg,,
G,606,刘恋生日快乐0606,./content/0606.jpg,,
G,607,刘恋生日快乐0607,./content/0607.jpg,,
G,608,刘恋生日快乐0608,./content/0608.jpg,,
G,609,刘恋生日快乐0609,./content/0609.jpg,,
G,610,刘恋生日快乐0610,./content/0610.jpg,,
G,611,刘恋生日快乐0611,./content/0611.jpg,,
G,612,刘恋生日快乐0612,./content/0612.jpg,,
G,613,刘恋生日快乐0613,./content/0613.jpg,,
G,614,刘恋生日快乐0614,./content/0614.jpg,,
G,615,刘恋生日快乐0615,./content/0615.jpg,,
G,616,刘恋生日快乐0616,./content/0616.jpg,,
G,617,刘恋生日快乐0617,./content/0617.jpg,,
G,618,刘恋生日快乐0618,./content/0618.jpg,,
G,619,刘恋生日快乐0619,./content/0619.jpg,,
G,620,刘恋生日快乐0620,./content/0620.jpg,,
G,621,刘恋生日快乐0621,./content/0621.jpg,,
G,622,刘恋生日快乐0622,./content/0622.jpg,,
G,623,刘恋生日快乐0623,./content/0623.jpg,,
G,624,刘恋生日快乐0624,./content/0624.jpg,,
G,625,刘恋生日快乐0625,./content/0625.jpg,,
G,626,刘恋生日快乐0626,./content/0626.jpg,,
G,627,刘恋生日快乐0627,./content/0627.jpg,,
G,628,刘恋生日快乐0628,./content/0628.jpg,,
G,629,刘恋生日快乐0629,./content/0629.jpg,,
G,630,刘恋生日快乐0630,./content/0630.jpg,,
G,631,刘恋生日快乐0631,./content/0631.jpg,,
G,632,刘恋生日快乐0632,./content/0632.jpg,,
G,633,刘恋生日快乐0633,./content/0633.jpg,,
G,634,刘恋生日快乐0634,./content/0634.jpg,,
G,635,刘恋生日快乐0635,./content/0635.jpg,,
G,636,刘恋生日快乐0636,./content/0636.jpg,,
G,637,刘恋生日快乐0637,./content/0637.jpg,,
G,638,刘恋生日快乐0638,./content/0638.jpg,,
G,639,刘恋生日快乐0639,./content/0639.jpg,,
G,640,刘恋生日快乐0640,./content/0640.jpg,,
G,641,刘恋生日快乐0641,./content/0641.jpg,,
G,642,刘恋生日快乐0642,./content/0642.jpg,,
G,643,刘恋生日快乐0643,./content/0643.jpg,,
G,644,刘恋生日快乐0644,./content/0644.jpg,,
G,645,刘恋生日快乐0645,./content/0645.jpg,,
G,646,刘恋生日快乐0646,./content/0646.jpg,,
G,647,刘恋生日快乐0647,./content/0647.jpg,,
G,648,刘恋生日快乐0648,./content/0648.jpg,,
G,649,刘恋生日快乐0649,./content/0649.jpg,,
G,650,刘恋生日快乐0650,./content/0650.jpg,,
G,651,刘恋生日快乐0651,./content/0651.jpg,,
G,652,刘恋生日快乐0652,./content/0652.jpg,,
G,653,刘恋生日快乐0653,./content/0653.jpg,,
G,654,刘恋生日快乐0654,./content/0654.jpg,,
G,655,刘恋生日快乐0655,./content/0655.jpg,,
G,656,刘恋生日快乐0656,./content/0656.jpg,,
G,657,刘恋生日快乐0657,./content/0657.jpg,,
G,658,刘恋生日快乐0658,./content/0658.jpg,,
G,659,刘恋生日快乐0659,./content/0659.jpg,,
G,660,刘恋生日快乐0660,./content/0660.jpg,,
G,661,刘恋生日快乐0661,./content/0661.jpg,,
G,662,刘恋生日快乐0662,./content/0662.jpg,,
G,663,刘恋生日快乐0663,./content/0663.jpg,,
G,664,刘恋生日快乐0664,./content/0664.jpg,,
G,665,刘恋生日快乐0665,./content/0665.jpg,,
G,666,刘恋生日快乐0666,./content/0666.jpg,,
G,667,刘恋生日快乐0667,./content/0667.jpg,,
G,668,刘恋生日快乐0668,./content/0668.jpg,,
G,669,刘恋生日快乐0669,./content/0669.jpg,,
G,670,刘恋生日快乐0670,./content/0670.jpg,,
G,671,刘恋生日快乐0671,./content/0671.jpg,,
G,672,刘恋生日快乐0672,./content/0672.jpg,,
G,673,刘恋生日快乐0673,./content/0673.jpg,,
G,674,刘恋生日快乐0674,./content/0674.jpg,,
G,675,刘恋生日快乐0675,./content/0675.jpg,,
G,676,刘恋生日快乐0676,./content/0676.jpg,,
G,677,刘恋生日快乐0677,./content/0677.jpg,,
G,678,刘恋生日快乐0678,./content/0678.jpg,,
G,679,刘恋生日快乐0679,./content/0679.jpg,,
G,680,刘恋生日快乐0680,./content/0680.jpg,,
G,681,刘恋生日快乐0681,./content/0681.jpg,,
G,682,刘恋生日快乐0682,./content/0682.jpg,,
G,683,刘恋生日快乐0683,./content/0683.jpg,,
G,684,刘恋生日快乐0684,./content/0684.jpg,,
G,685,刘恋生日快乐0685,./content/0685.jpg,,
G,686,刘恋生日快乐0686,./content/0686.jpg,,
G,687,刘恋生日快乐0687,./content/0687.jpg,,
G,688,刘恋生日快乐0688,./content/0688.jpg,,
G,689,刘恋生日快乐0689,./content/0689.jpg,,
G,690,刘恋生日快乐0690,./content/0690.jpg,,
G,691,刘恋生日快乐0691,./content/0691.jpg,,
G,692,刘恋生日快乐0692,./content/0692.jpg,,
G,693,刘恋生日快乐0693,./content/0693.jpg,,
G,694,刘恋生日快乐0694,./content/0694.jpg,,
G,695,刘恋生日快乐0695,./content/0695.jpg,,
G,696,刘恋生日快乐0696,./content/0696.jpg,,
G,697,刘恋生日快乐0697,./content/0697.jpg,,
G,698,刘恋生日快乐0698,./content/0698.jpg,,
G,699,刘恋生日快乐0699,./content/0699.jpg,,
G,700,刘恋生日快乐0700,./content/0700.jpg,,
H,701,刘恋生日快乐0701,./content/0701.jpg,,
H,702,刘恋生日快乐0702,./content/0702.jpg,,
H,703,刘恋生日快乐0703,./content/0703.jpg,,
H,704,刘恋生日快乐0704,./content/0704.jpg,,
H,705,刘恋生日快乐0705,./content/0705.jpg,,
H,706,刘恋生日快乐0706,./content/0706.jpg,,
H,707,刘恋生日快乐0707,./content/0707.jpg,,
H,708,刘恋生日快乐0708,./content/0708.jpg,,
H,709,刘恋生日快乐0709,./content/0709.jpg,,
H,710,刘恋生日快乐0710,./content/0710.jpg,,
H,711,刘恋生日快乐0711,./content/0711.jpg,,
H,712,刘恋生日快乐0712,./content/0712.jpg,,
H,713,刘恋生日快乐0713,./content/0713.jpg,,
H,714,刘恋生日快乐0714,./content/0714.jpg,,
H,715,刘恋生日快乐0715,./content/0715.jpg,,
H,716,刘恋生日快乐0716,./content/0716.jpg,,
H,717,刘恋生日快乐0717,./content/0717.jpg,,
H,718,刘恋生日快乐0718,./content/0718.jpg,,
H,719,刘恋生日快乐0719,./content/0719.jpg,,
H,720,刘恋生日快乐0720,./content/0720.jpg,,
H,721,刘恋生日快乐0721,./content/0721.jpg,,
H,722,刘恋生日快乐0722,./content/0722.jpg,,
H,723,刘恋生日快乐0723,./content/0723.jpg,,
H,724,刘恋生日快乐0724,./content/0724.jpg,,
H,725,刘恋生日快乐0725,./content/0725.jpg,,
H,726,刘恋生日快乐0726,./content/0726.jpg,,
H,727,刘恋生日快乐0727,./content/0727.jpg,,
H,728,刘恋生日快乐0728,./content/0728.jpg,,
H,729,刘恋生日快乐0729,./content/0729.jpg,,
H,730,刘恋生日快乐0730,./content/0730.jpg,,
H,731,刘恋生日快乐0731,./content/0731.jpg,,
H,732,刘恋生日快乐0732,./content/0732.jpg,,
H,733,刘恋生日快乐0733,./content/0733.jpg,,
H,734,刘恋生日快乐0734,./content/0734.jpg,,
H,735,刘恋生日快乐0735,./content/0735.jpg,,
H,736,刘恋生日快乐0736,./content/0736.jpg,,
H,737,刘恋生日快乐0737,./content/0737.jpg,,
H,738,刘恋生日快乐0738,./content/0738.jpg,,
H,739,刘恋生日快乐0739,./content/0739.jpg,,
H,740,刘恋生日快乐0740,./content/0740.jpg,,
H,741,刘恋生日快乐0741,./content/0741.jpg,,
H,742,刘恋生日快乐0742,./content/0742.jpg,,
H,743,刘恋生日快乐0743,./content/0743.jpg,,
H,744,刘恋生日快乐0744,./content/0744.jpg,,
H,745,刘恋生日快乐0745,./content/0745.jpg,,
H,746,刘恋生日快乐0746,./content/0746.jpg,,
H,747,刘恋生日快乐0747,./content/0747.jpg,,
H,748,刘恋生日快乐0748,./content/0748.jpg,,
H,749,刘恋生日快乐0749,./content/0749.jpg,,
H,750,刘恋生日快乐0750,./content/0750.jpg,,
H,751,刘恋生日快乐0751,./content/0751.jpg,,
H,752,刘恋生日快乐0752,./content/0752.jpg,,
H,753,刘恋生日快乐0753,./content/0753.jpg,,
H,754,刘恋生日快乐0754,./content/0754.jpg,,
H,755,刘恋生日快乐0755,./content/0755.jpg,,
H,756,刘恋生日快乐0756,./content/0756.jpg,,
H,757,刘恋生日快乐0757,./content/0757.jpg,,
H,758,刘恋生日快乐0758,./content/0758.jpg,,
H,759,刘恋生日快乐0759,./content/0759.jpg,,
H,760,刘恋生日快乐0760,./content/0760.jpg,,
H,761,刘恋生日快乐0761,./content/0761.jpg,,
H,762,刘恋生日快乐0762,./content/0762.jpg,,
H,763,刘恋生日快乐0763,./content/0763.jpg,,
H,764,刘恋生日快乐0764,./content/0764.jpg,,
H,765,刘恋生日快乐0765,./content/0765.jpg,,
H,766,刘恋生日快乐0766,./content/0766.jpg,,
H,767,刘恋生日快乐0767,./content/0767.jpg,,
H,768,刘恋生日快乐0768,./content/0768.jpg,,
H,769,刘恋生日快乐0769,./content/0769.jpg,,
H,770,刘恋生日快乐0770,./content/0770.jpg,,
H,771,刘恋生日快乐0771,./content/0771.jpg,,
H,772,刘恋生日快乐0772,./content/0772.jpg,,
H,773,刘恋生日快乐0773,./content/0773.jpg,,
H,774,刘恋生日快乐0774,./content/0774.jpg,,
H,775,刘恋生日快乐0775,./content/0775.jpg,,
H,776,刘恋生日快乐0776,./content/0776.jpg,,
H,777,刘恋生日快乐0777,./content/0777.jpg,,
H,778,刘恋生日快乐0778,./content/0778.jpg,,
H,779,刘恋生日快乐0779,./content/0779.jpg,,
H,780,刘恋生日快乐0780,./content/0780.jpg,,
H,781,刘恋生日快乐0781,./content/0781.jpg,,
H,782,刘恋生日快乐0782,./content/0782.jpg,,
H,783,刘恋生日快乐0783,./content/0783.jpg,,
H,784,刘恋生日快乐0784,./content/0784.jpg,,
H,785,刘恋生日快乐0785,./content/0785.jpg,,
H,786,刘恋生日快乐0786,./content/0786.jpg,,
H,787,刘恋生日快乐0787,./content/0787.jpg,,
H,788,刘恋生日快乐0788,./content/0788.jpg,,
H,789,刘恋生日快乐0789,./content/0789.jpg,,
H,790,刘恋生日快乐0790,./content/0790.jpg,,
H,791,刘恋生日快乐0791,./content/0791.jpg,,
H,792,刘恋生日快乐0792,./content/0792.jpg,,
H,793,刘恋生日快乐0793,./content/0793.jpg,,
H,794,刘恋生日快乐0794,./content/0794.jpg,,
H,795,刘恋生日快乐0795,./content/0795.jpg,,
H,796,刘恋生日快乐0796,./content/0796.jpg,,
H,797,刘恋生日快乐0797,./content/0797.jpg,,
H,798,刘恋生日快乐0798,./content/0798.jpg,,
H,799,刘恋生日快乐0799,./content/0799.jpg,,
H,800,刘恋生日快乐0800,./content/0800.png,,
I,801,刘恋生日快乐0801,./content/0801.png,,
I,802,刘恋生日快乐0802,./content/0802.png,,
I,803,刘恋生日快乐0803,./content/0803.png,,
I,804,刘恋生日快乐0804,./content/0804.png,,
I,805,刘恋生日快乐0805,./content/0805.png,,
I,806,刘恋生日快乐0806,./content/0806.png,,
I,807,刘恋生日快乐0807,./content/0807.png,,
I,808,刘恋生日快乐0808,./content/0808.png,,
I,809,刘恋生日快乐0809,./content/0809.png,,
I,810,刘恋生日快乐0810,./content/0810.png,,
I,811,刘恋生日快乐0811,./content/0811.png,,
I,812,刘恋生日快乐0812,./content/0812.png,,
I,813,刘恋生日快乐0813,./content/0813.png,,
I,814,刘恋生日快乐0814,./content/0814.png,,
I,815,刘恋生日快乐0815,./content/0815.png,,
I,816,刘恋生日快乐0816,./content/0816.png,,
I,817,刘恋生日快乐0817,./content/0817.png,,
I,818,刘恋生日快乐0818,./content/0818.png,,
I,819,刘恋生日快乐0819,./content/0819.png,,
I,820,刘恋生日快乐0820,./content/0820.png,,
I,821,刘恋生日快乐0821,./content/0821.png,,
I,822,刘恋生日快乐0822,./content/0822.png,,
I,823,刘恋生日快乐0823,./content/0823.png,,
I,824,刘恋生日快乐0824,./content/0824.png,,
I,825,刘恋生日快乐0825,./content/0825.png,,
I,826,刘恋生日快乐0826,./content/0826.png,,
I,827,刘恋生日快乐0827,./content/0827.png,,
I,828,刘恋生日快乐0828,./content/0828.png,,
I,829,刘恋生日快乐0829,./content/0829.png,,
I,830,刘恋生日快乐0830,./content/0830.png,,
I,831,刘恋生日快乐0831,./content/0831.png,,
I,832,刘恋生日快乐0832,./content/0832.png,,
I,833,刘恋生日快乐0833,./content/0833.png,,
I,834,刘恋生日快乐0834,./content/0834.png,,
I,835,刘恋生日快乐0835,./content/0835.png,,
I,836,刘恋生日快乐0836,./content/0836.png,,
I,837,刘恋生日快乐0837,./content/0837.png,,
I,838,刘恋生日快乐0838,./content/0838.png,,
I,839,刘恋生日快乐0839,./content/0839.png,,
I,840,刘恋生日快乐0840,./content/0840.png,,
I,841,刘恋生日快乐0841,./content/0841.png,,
I,842,刘恋生日快乐0842,./content/0842.png,,
I,843,刘恋生日快乐0843,./content/0843.png,,
I,844,刘恋生日快乐0844,./content/0844.png,,
I,845,刘恋生日快乐0845,./content/0845.png,,
I,846,刘恋生日快乐0846,./content/0846.png,,
I,847,刘恋生日快乐0847,./content/0847.png,,
I,848,刘恋生日快乐0848,./content/0848.png,,
I,849,刘恋生日快乐0849,./content/0849.png,,
I,850,刘恋生日快乐0850,./content/0850.png,,
I,851,刘恋生日快乐0851,./content/0851.png,,
I,852,刘恋生日快乐0852,./content/0852.png,,
I,853,刘恋生日快乐0853,./content/0853.png,,
I,854,刘恋生日快乐0854,./content/0854.png,,
I,855,刘恋生日快乐0855,./content/0855.png,,
I,856,刘恋生日快乐0856,./content/0856.png,,
I,857,刘恋生日快乐0857,./content/0857.png,,
I,858,刘恋生日快乐0858,./content/0858.png,,
I,859,刘恋生日快乐0859,./content/0859.png,,
I,860,刘恋生日快乐0860,./content/0860.png,,
I,861,刘恋生日快乐0861,./content/0861.png,,
I,862,刘恋生日快乐0862,./content/0862.png,,
I,863,刘恋生日快乐0863,./content/0863.png,,
I,864,刘恋生日快乐0864,./content/0864.png,,
I,865,刘恋生日快乐0865,./content/0865.png,,
I,866,刘恋生日快乐0866,./content/0866.png,,
I,867,刘恋生日快乐0867,./content/0867.png,,
I,868,刘恋生日快乐0868,./content/0868.png,,
I,869,刘恋生日快乐0869,./content/0869.png,,
I,870,刘恋生日快乐0870,./content/0870.png,,
I,871,刘恋生日快乐0871,./content/0871.png,,
I,872,刘恋生日快乐0872,./content/0872.png,,
I,873,刘恋生日快乐0873,./content/0873.png,,
I,874,刘恋生日快乐0874,./content/0874.png,,
I,875,刘恋生日快乐0875,./content/0875.png,,
I,876,刘恋生日快乐0876,./content/0876.png,,
I,877,刘恋生日快乐0877,./content/0877.png,,
I,878,刘恋生日快乐0878,./content/0878.png,,
I,879,刘恋生日快乐0879,./content/0879.png,,
I,880,刘恋生日快乐0880,./content/0880.png,,
I,881,刘恋生日快乐0881,./content/0881.png,,
I,882,刘恋生日快乐0882,./content/0882.png,,
I,883,刘恋生日快乐0883,./content/0883.png,,
I,884,刘恋生日快乐0884,./content/0884.png,,
I,885,刘恋生日快乐0885,./content/0885.png,,
I,886,刘恋生日快乐0886,./content/0886.png,,
I,887,刘恋生日快乐0887,./content/0887.png,,
I,888,刘恋生日快乐0888,./content/0888.png,,
I,889,刘恋生日快乐0889,./content/0889.png,,
I,890,刘恋生日快乐0890,./content/0890.png,,
I,891,刘恋生日快乐0891,./content/0891.png,,
I,892,刘恋生日快乐0892,./content/0892.png,,
I,893,刘恋生日快乐0893,./content/0893.png,,
I,894,刘恋生日快乐0894,./content/0894.png,,
I,895,刘恋生日快乐0895,./content/0895.png,,
I,896,刘恋生日快乐0896,./content/0896.png,,
I,897,刘恋生日快乐0897,./content/0897.png,,
I,898,刘恋生日快乐0898,./content/0898.png,,
I,899,刘恋生日快乐0899,./content/0899.png,,
I,900,刘恋生日快乐0900,./content/0900.png,,
J,901,刘恋生日快乐0901,./content/0901.jpg,,
J,902,刘恋生日快乐0902,./content/0902.jpg,,
J,903,刘恋生日快乐0903,./content/0903.jpg,,
J,904,刘恋生日快乐0904,./content/0904.jpg,,
J,905,刘恋生日快乐0905,./content/0905.jpg,,
J,906,刘恋生日快乐0906,./content/0906.jpg,,
J,907,刘恋生日快乐0907,./content/0907.jpg,,
J,908,刘恋生日快乐0908,./content/0908.jpg,,
J,909,刘恋生日快乐0909,./content/0909.jpg,,
J,910,刘恋生日快乐0910,./content/0910.jpg,,
J,911,刘恋生日快乐0911,./content/0911.jpg,,
J,912,刘恋生日快乐0912,./content/0912.jpg,,
J,913,刘恋生日快乐0913,./content/0913.jpg,,
J,914,刘恋生日快乐0914,./content/0914.jpg,,
J,915,刘恋生日快乐0915,./content/0915.jpg,,
J,916,刘恋生日快乐0916,./content/0916.jpg,,
J,917,刘恋生日快乐0917,./content/0917.jpg,,
J,918,刘恋生日快乐0918,./content/0918.jpg,,
J,919,刘恋生日快乐0919,./content/0919.jpg,,
J,920,刘恋生日快乐0920,./content/0920.jpg,,
J,921,刘恋生日快乐0921,./content/0921.jpg,,
J,922,刘恋生日快乐0922,./content/0922.jpg,,
J,923,刘恋生日快乐0923,./content/0923.jpg,,
J,924,刘恋生日快乐0924,./content/0924.jpg,,
J,925,刘恋生日快乐0925,./content/0925.jpg,,
J,926,刘恋生日快乐0926,./content/0926.jpg,,
J,927,刘恋生日快乐0927,./content/0927.jpg,,
J,928,刘恋生日快乐0928,./content/0928.jpg,,
J,929,刘恋生日快乐0929,./content/0929.jpg,,
J,930,刘恋生日快乐0930,./content/0930.jpg,,
J,931,刘恋生日快乐0931,./content/0931.jpg,,
J,932,刘恋生日快乐0932,./content/0932.jpg,,
J,933,刘恋生日快乐0933,./content/0933.jpg,,
J,934,刘恋生日快乐0934,./content/0934.jpg,,
J,935,刘恋生日快乐0935,./content/0935.jpg,,
J,936,刘恋生日快乐0936,./content/0936.jpg,,
J,937,刘恋生日快乐0937,./content/0937.jpg,,
J,938,刘恋生日快乐0938,./content/0938.jpg,,
J,939,刘恋生日快乐0939,./content/0939.jpg,,
J,940,刘恋生日快乐0940,./content/0940.jpg,,
J,941,刘恋生日快乐0941,./content/0941.jpg,,
J,942,刘恋生日快乐0942,./content/0942.jpg,,
J,943,刘恋生日快乐0943,./content/0943.jpg,,
J,944,刘恋生日快乐0944,./content/0944.jpg,,
J,945,刘恋生日快乐0945,./content/0945.jpg,,
J,946,刘恋生日快乐0946,./content/0946.jpg,,
J,947,刘恋生日快乐0947,./content/0947.jpg,,
J,948,刘恋生日快乐0948,./content/0948.jpg,,
J,949,刘恋生日快乐0949,./content/0949.jpg,,
J,950,刘恋生日快乐0950,./content/0950.jpg,,
J,951,刘恋生日快乐0951,./content/0951.jpg,,
J,952,刘恋生日快乐0952,./content/0952.jpg,,
J,953,刘恋生日快乐0953,./content/0953.jpg,,
J,954,刘恋生日快乐0954,./content/0954.jpg,,
J,955,刘恋生日快乐0955,./content/0955.jpg,,
J,956,刘恋生日快乐0956,./content/0956.jpg,,
J,957,刘恋生日快乐0957,./content/0957.jpg,,
J,958,刘恋生日快乐0958,./content/0958.jpg,,
J,959,刘恋生日快乐0959,./content/0959.jpg,,
J,960,刘恋生日快乐0960,./content/0960.jpg,,
J,961,刘恋生日快乐0961,./content/0961.jpg,,
J,962,刘恋生日快乐0962,./content/0962.jpg,,
J,963,刘恋生日快乐0963,./content/0963.jpg,,
J,964,刘恋生日快乐0964,./content/0964.jpg,,
J,965,刘恋生日快乐0965,./content/0965.jpg,,
J,966,刘恋生日快乐0966,./content/0966.jpg,,
J,967,刘恋生日快乐0967,./content/0967.jpg,,
J,968,刘恋生日快乐0968,./content/0968.jpg,,
J,969,刘恋生日快乐0969,./content/0969.jpg,,
J,970,刘恋生日快乐0970,./content/0970.jpg,,
J,971,刘恋生日快乐0971,./content/0971.jpg,,
J,972,刘恋生日快乐0972,./content/0972.jpg,,
J,973,刘恋生日快乐0973,./content/0973.jpg,,
J,974,刘恋生日快乐0974,./content/0974.jpg,,
J,975,刘恋生日快乐0975,./content/0975.jpg,,
J,976,刘恋生日快乐0976,./content/0976.jpg,,
J,977,刘恋生日快乐0977,./content/0977.jpg,,
J,978,刘恋生日快乐0978,./content/0978.jpg,,
J,979,刘恋生日快乐0979,./content/0979.jpg,,
J,980,刘恋生日快乐0980,./content/0980.jpg,,
J,981,刘恋生日快乐0981,./content/0981.jpg,,
J,982,刘恋生日快乐0982,./content/0982.jpg,,
J,983,刘恋生日快乐0983,./content/0983.jpg,,
J,984,刘恋生日快乐0984,./content/0984.jpg,,
J,985,刘恋生日快乐0985,./content/0985.jpg,,
J,986,刘恋生日快乐0986,./content/0986.jpg,,
J,987,刘恋生日快乐0987,./content/0987.jpg,,
J,988,刘恋生日快乐0988,./content/0988.jpg,,
J,989,刘恋生日快乐0989,./content/0989.jpg,,
J,990,刘恋生日快乐0990,./content/0990.jpg,,
J,991,刘恋生日快乐0991,./content/0991.jpg,,
J,992,刘恋生日快乐0992,./content/0992.jpg,,
J,993,刘恋生日快乐0993,./content/0993.jpg,,
J,994,刘恋生日快乐0994,./content/0994.jpg,,
J,995,刘恋生日快乐0995,./content/0995.jpg,,
J,996,刘恋生日快乐0996,./content/0996.jpg,,
J,997,刘恋生日快乐0997,./content/0997.jpg,,
J,998,刘恋生日快乐0998,./content/0998.jpg,,
J,999,刘恋生日快乐0999,./content/0999.jpg,,
J,1000,刘恋生日快乐1000,./content/1000.jpg,,./content/1000.mp4
