编号,场景,文案,图片url,音频url,视频url,用户id
30001,3301,我爱辩论场上那个颤抖着大声表达自己观点的“新晋辩手”刘恋。,,,,悄悄很安静
30002,3301,和朋友们在一起时候的刘恋,,,,奇衡三
30003,3301,打游戏的时候。,,,,恰逢在场-
30004,3301,参与播客或者访谈时候的恋，打游戏时候的恋，灵机一动下厨房的恋，生活的方方面面都喜欢。,,,,飞行器
30005,3301,在各平台分享自己精神世界的姐 以及直播时的姐,,,,0_Yuzz
30006,3301,我很喜欢分享各种文学、广告、vlog、访谈等等的恋恋，跟着她我也了解到很多我认知以外的知识，盘点她的逻辑和语言，也对我的学习很有帮助,,,,燊一_
30007,3301,爱她的大脑,,,,勤劳的猪啊
30008,3301,舞台上是姐姐宝，私底下是宝宝姐,,,,我的猫儿黄白身子金镶玉
30009,3301,吃饭的小恋，腮帮子鼓鼓的，感觉吃什么都很香；还有在姐姐们面前妹宝感十足的小恋，像一块香香软软的小蛋糕，乖乖的感觉特别好欺负（bushi）,,,,敦敦是个小太阳
30010,3301,很难有不爱的样子...,,,,Salute
30011,3301,特别喜欢在进行各种彩排策划过程中认真准备的恋恋，什么时候都想感叹一句人怎么会有这么多有趣的想法啊！,,,,卡卡罗轩
30012,3301,其实我并不了解舞台下的刘恋，但是我愿意相信在刘恋的音乐、广告、文字背后，是一个温柔，有趣，勇敢，真诚，可爱的人。我时常觉得我们思考方式和价值观有很相似的部分，也许是我的一厢情愿，但是当我看到有刘恋这样的人鲜活地存在着的时候，我总觉得充满力量。我庆幸世界上有个刘恋，她告诉我日子也可以这样过得漂亮。,,,,初霁之阳
30013,3301,我爱幕后认真创作的刘恋 爱她对爱她的人永远真诚 爱她对世界独有的思考与见解,,,,小叽不哈气
30014,3301,头发软软，眼睛亮亮的小女孩，会很认真的看着你的眼睛听你说话，有的时候牙尖嘴利，有小孩气。很有魅力的大脑，比如在小红书做的那些专栏，没有一个智性恋会逃过吧...真的感觉从头发丝到脚趾尖都在散发魅力，真的太多了，就没有不喜欢的地方，刘恋是我遇到过的所有人里，最最最最最最最好的人！！！哪里有不爱的地方！哪里都爱！（没有在吹彩虹屁！我在实话实说！）,,,,是馨鸭
30015,3301,在机场即使时间很赶的情况下，还是会认真答复问题的恋恋。,,,,肖恩嗯呐
30016,3301,犯傻的刘恋,,,,心动周期不到一秒
30017,3301,喜欢刘恋玩游戏赢了得意的样子，喜欢刘恋清晰表达自己的样子，喜欢刘恋哼唧撒娇的样子，我爱她的每一个瞬间。,,,,吃吃吃宵夜_
30018,3301,喜欢在评论区和我们插科打诨的刘恋，感觉特别特别有活人感，像邪恶小熊猫。,,,,风风风风晗
30019,3301,给我们分享自己的恋，不管什么样，都喜欢啊聪明恋，臭屁恋，坏恋，呆恋...,,,,草稻
30020,3301,爱她的聪明，爱她的柔软，爱她的坚定，爱她的包容，爱她的思考，爱她的创作，爱她的每一面,,,,xue
30021,3301,社交媒体上很温和包容的刘恋，签售时很会接收爱和反馈爱的刘恋，内容创作视频里很专业的刘恋，还有很多很多有幸看见的生活中鲜活的刘恋……唉，刘恋知道自己那么可爱吗！,,,,划
30022,3301,无条件喜欢恋恋的每一面～,,,,imyrella
30023,3301,人总是会被各个瞬间的刘恋所吸引的对吧，机场和舞台下真诚软软的恋恋，广告恋充满创意的灵感，访谈里真诚的表达,,,,L&J  
30024,3301,我爱和朋友在一起旅行的刘恋 我爱微醺可爱的刘恋 我爱自由洒脱的刘恋,,,,一只蛋挞
30025,3301,反正有粉丝滤镜，恋姐除了舞台干什么事，我都爱。,,,,Kims
30026,3301,我打包票会无条件溺爱刘恋的每种样子！！但最喜欢的还是下班后的松弛感恋恋，会轻轻哼歌，会开小玩笑，也会原地变身牙尖小熊猫...甚至只是安静地站在那里就很让人喜欢了,,,,人鱼
30027,3301,任何时候的刘恋我都爱,,,,三三得九巨蟹
30028,3301,打游戏的刘恋,,,,小安娜琦
30029,3301,看你认真产出的内容 真的会给我很多力量,,,,予寧冬
30030,3301,爱她的全部！,,,,不署名的爱意
30031,3301,怎样都爱！,,,,这是一个憨憨的号
30032,3301,喜欢牙尖嘴利伶牙俐齿的恋恋，喜欢言之有物知性理智的恋恋，喜欢头发软软走路内八的迷糊恋恋，喜欢傲娇求夸的恋恋，喜欢红着眼眶谢幕的恋恋，喜欢刘恋，喜欢各种各样，台上台下的刘恋,,,,拖延症小王
30033,3301,可能是那个牙尖嘴利和朋友互怼的恋恋，真的好可爱哈哈哈,,,,小笛子lldg
30034,3301,之前在机场经常衣服皱皱巴巴的，很可爱啊，各种让我觉得她是人类的时刻我都喜欢。叫我看锅也喜欢。,,,,温开水
30035,3301,认真聪明，然后有时又有点像小朋友,,,,昀卿
30036,3301,那个认真做科普的刘恋。,,,,kiki
30037,3301,和朋友玩的刘恋和打游戏的刘恋,,,,Cc
30038,3301,喜欢现在一直在各平台分享女性主义的刘恋，喜欢每一次上下班和机场认认真真和粉丝们聊天的刘恋,,,,Yuanlizhinv_lian
30039,3301,很喜欢精神美妆系列，每一期都反复品味，感觉有很多灵魂共振的时刻。姐一直在用自己的力量传播女性主义，很感动,,,,iFyyylx
30040,3301,妹妹头！！！很喜欢妹妹头！喜欢旅游时放松开心的小刘！,,,,阿熊
30041,3301,喜欢觉得自己很聪明很自信，骄傲得撅嘴的恋,,,,可以喝酒_
30042,3301,喜欢陪桃桃的恋恋，喜欢玩鹅鸭杀的恋恋,,,,wLAN丸
30043,3301,她最舒服的状态，无论神态，动作，对任何事情的回应。,,,,aoife
30044,3301,爱顺毛恋眼睛笑的弯弯的恋,,,,末日最后一只猫
30045,3301,就感觉恋恋身上散发着一股让人着迷无法拒绝的魅力,,,,Zest Quest Xenia
30046,3301,其实什么样都可以,,,,关东煮捞下
30047,3301,亮亮的眼睛看着我听我说话的她,,,,18hours_PEACHY 
30048,3301,除了舞台之外 爱vlog里的恋恋 是鲜活的自由的,,,,玛卡jin424
30049,3301,可爱小宝，萌,,,,饭团团
30050,3301,我好爱直播里的胡闹厨房和打游戏一直输的恋恋 还有朋友们镜头下的恋恋其实是希望她能一直这样自在幸福下去,,,,小羊要悄悄逃离这个失眠的世界啊
30051,3301,什么样子都好，是她自己，她快乐，就好！,,,,云里做梦219
30052,3301,我爱这个有表达的勇气的女性主义的她,,,,"不如就活个尽兴
"
30053,3301,直播的姐姐和平常私底下的姐姐,,,,"土豆大王
"
30054,3301,私底下素颜的姐姐^ω^姐姐放下防备后露出疲惫感的瞬间特别有魅力,,,,vng
30055,3301,全部！喜欢说话的恋姐打游戏的恋姐和朋友在一起的恋姐,,,,云在匆匆流淌
30056,3301,分享书籍的她，每一个她我都好爱，我爱的是姐姐的灵魂！和外貌！,,,,Jia
30057,3301,我爱她的全部！那个做自己最快乐自由的恋恋姐,,,,恋旧祎雨落
30058,3301,美貌和灵魂，性格和才华，自我高要求&说干就干能配得上野心的执行力，正职和兼职上亮眼的职业经历和成就，对待朋友真诚、热情和长情...总之，不管小恋是专业“天才”还是生活“白痴”，那些你优秀的或者不擅长的点点滴滴我都爱～立体才可爱，丰富且有趣的小人儿  ,,,,暂时遗弃
30059,3301,喜欢看到恋恋和朋友们在一起时和谐友爱又有趣的美好画面，看到会爱人又会被人爱着的恋恋,,,,小农民
30060,3301,喜欢她分享的一切，各种精神美妆,,,,柒予
30061,3301,我喜欢分享思考内容的恋恋，是我想成为的标杆,,,,熊饼
30062,3301,全部都喜欢！尤其是发布各种讲解视频的恋，真的了解到了许多新知识,,,,心动颜究日记_锦鲤版
30063,3301,什么样子都喜欢，最喜欢日常生活中的恋恋，鲜活，浪漫,,,,一条好鱼
30064,3301,每一个搞怪的恋恋，每一个小红书上的精神美妆里的恋恋，每一个B站视频里的恋恋！爱你。,,,,小喵喵叠猫猫
30065,3301,爱真实的每一面,,,,楠木头
30066,3301,凡事极致认真，事事力求做到最好，明明足够优秀、闪闪发光，却始终温柔谦逊，带着一点内敛的不自信，清醒又纯粹。,,,,zzztw-zzztw
30067,3301,胡闹厨房的小恋/酒后撒娇的小恋～所有女友视角的恋恋都爱！！！！！  ,,,,夏天能喝到金菠萝嘛
30068,3301,我爱那个在社媒上侃侃而谈“精神美妆”的刘恋，爱旅行vlog里记录世界一草一木的刘恋，爱机场睡眼惺忪也会认真回应粉丝的刘恋，爱与朋友在一起放松地吃饭喝酒玩游戏的刘恋。爱她在舞台上的光彩熠熠，也爱她褪去光环，独一无二的烟火气。,,,,幻想家
30069,3301,真挚且热烈；聪明且努力；温柔且坚定；还有些许傻傻的孩子气.....每一面都溺爱,,,,世界上最难写的就是自己的名字
30070,3301,,,,,小紙
30071,3301,分享故事的知性恋，知心大姐姐,,,,甜心奶泡芙_
30072,3301,全部 爱你台前神性的样子 台下你又能做你想做的任何事 爱你也只是一个不完美的人,,,,瑶瑶
30073,3301,老姐哭的时候真的很迷人，真情流露，让人哈特软软触及内心。还有认真输出思想的时候，感性的脑子最性感,,,,般弱星跳舞的阿离
30074,3301,考试的幸运锦鲤；打游戏时认真的样子；分享日常时轻松的样子；直播调不好小生气的样子也很可爱,,,,LLMJ小明
30075,3301,打游戏，胡闹厨房，出去见朋友很happy的小能苗,,,,Lodess云蜮
30076,3301,认真，很有活人感,,,,吃核桃不吐核桃壳
30077,3301,是你就好 就这样美好,,,,Ly-Q-z
30078,3301,吃饭时的；输出思考观点的(辩论、对话、作品幕后……),,,,想退休
30079,3301,有各种小巧思的恋,,,,明天别熬夜了吭
30080,3301,看起来特别强大，但也有很多细心敏感温柔的时候，感性而显得性感,,,,菠萝饭不要灯笼椒
30081,3301,有好多，最爱的就是开心的时候的刘恋吧，我觉得人类开心的时候最动人,,,,江川送明月
30082,3301,本来想说生活上的一些方面 后来想了想 我觉得即便只是舞台上 我们的恋子也是鲜活的 有趣的浪漫的 作为她的粉丝也是乐迷 即便只是在台下远远看着她talking 演出 也会被她多面的性格想法和创意所深深吸引……,,,,甜甜秀秀雨_y
30083,3301,分享女性主义、文学作品、音乐科普的时候，真的能启发我很多，姐姐在自己擅长的领域里总是闪闪发光！玩游戏的时候也很可爱，姐姐流露出普通小女孩反应的时候特别萌，让我觉得我们并不遥远,,,,方掷月
30084,3301,喜欢她胡闹厨房，喜欢她分享的知识和感悟，喜欢她独特的音乐见解，喜欢她对舞台的小设计,,,,Beesssss
30085,3301,我还喜欢做饭时候的刘恋，在那种不在乎味道的情况下，是守规矩还是突发奇想这时候的刘恋永远是个谜，真令人着迷！  ,,,,Bobi
30086,3301,每一次炸毛都让我觉得，没那么完美也很值得被爱,,,,Yohovo
30087,3301,每个，在推理里面无法自拔的恋恋，我喜欢看她一脸认真的去推理自己想知道的答案，认真思考的女孩最“帅”了,,,,刘恋琉璃鲸
30088,3301,虽然和大家见面很多次但还是会因为大家的远道而来眼泪汪汪,,,,YKYBHL
30089,3301,爱哼哼唧唧，爱撒娇，温温柔柔的心软恋恋,,,,mio
30090,3301,想多看一些旅行vlog 恋恋拍的像电影 很漂亮 很有感觉 有当导演的潜力 还有专辑的短片也很好看,,,,沐沐1031
30091,3301,喜欢做每件事都要做到最好 很有自己的想法的她自己！,,,,第一我不叫位
30092,3301,表达自己的时候,,,,玫瑰终究会开
30093,3301,非常有创意有想法爱撒娇萌萌的小恋,,,,onez洋
30094,3301,是签售的时候会主动用力卧你的手的刘恋，会认真看着你听着你说话的刘恋，永远那么真诚的刘恋。,,,,"小熊猫专车
"
30095,3301,萌萌的、淘气的、撒娇的、认真的、翻白眼的恋恋，爱所有的你,,,,天上有个小傻
30096,3301,高情商吧，还有莫名其妙的灵感创意，eg：折耳根圣诞树。,,,,la笔小昕
30097,3301,有孩子气，会撒娇、完全放松下来的恋。就像小熊猫在太阳下露出软软的肚皮。,,,,鱼鳍
30098,3301,高情商的，孩子气的,,,,週末愉快在場
30099,3301,牙尖嘴利侃侃而谈的聪明恋&哼哼唧唧的小能恋,,,,听你眼睛里的光
30100,3301,露出尖牙的小熊猫，头发软软的小女孩,,,,三以文
30101,3301,任何时候,,,,梓木
30102,3301,线下认真盯着大家眼睛说话的小女孩,,,,孤独魔法
30103,3301,可可爱爱的,,,,張張在东北等你
30104,3301,耐心听我说话，用亮晶晶的眼睛盯着我的小女孩。,,,,刘小泳007
30105,3301,她在那站着不动我都爱死了，喜欢看臭屁小熊猫、吃饭可爱的想捏死（不是）、平台创作各种丰富精神视频的恋恋……爱惨喽~,,,,咩了个咩
30106,3301,永远忘不掉巡演发专辑时，你的眼睛亮晶晶的，真的有在认真听我们说话,,,,杀手
30107,3301,读金爱烂小说emo的小恋和工作狂小姐,,,,NNNNNNK-
30108,3301,耳机里唱歌的声音,,,,鱼
30109,3301,头发软软的,,,,养生小杨爱吃梨
30110,3301,自由潇洒,,,,BETCHA_
30111,3301,这个女人有魔力，好像每个样子我都爱。,,,,木木木茗_
30112,3301,线下接机时~好温柔好漂亮有求必应的姐姐,,,,恋落云卷_
30113,3301,,,,,排了好几公里
30114,3301,打游戏中的吧，活人感很重了哈哈哈,,,,林一
30115,3301,非常喜欢恋恋的生活方式,,,,小周
30116,3301,当然是性感的大脑啊,,,,废纸团团
30117,3301,只要是刘恋我都喜欢，不管是什么样子，不论是在做什么。,,,,词不达意
30118,3301,特别特别爱看翻白眼的孩子   萌就一个字！,,,,油油油油uu
30119,3301,所有真诚且热烈活着的她。,,,,香槟两瓶
30120,3301,其实特别喜欢姐宝素颜的样子，还有小幼稚小宕机小糊涂的时候，特别鲜活,,,,土豆
30121,3301,当然是我们恋子独一无二又性感的大脑！刘恋写出的每一句歌词，在博客里说的每一句话都能让我重新认识这个世界。每一次恋的出现都会都会给我带来新东西。很感谢恋恋在我构建人生观的时候出现在我的生活里，改变了我的人生，让我知道了我想成为什么样的人。,,,,一只会飞的猪呀_
30122,3301,在场演讲的刘恋，让人心疼又让人钦佩,,,,Seven
30123,3301,在分享自己想法的时候 哇塞感觉好有道理 也能让我深思,,,,让我出去丸
30124,3301,每一个恋姐，分享生活时随性的她，玩游戏时思考的她，做饭时有很多奇思妙想的她……很多很多,,,,迷恋
30125,3301,在分享生活，和一些b站上的科普视频。感觉就很高智感。而且没有舞台上的距离感，感觉拉近了我们之间的距离。,,,,风筝线
30126,3301,高智（五老哥中的 分享生活歌单书单）,,,,爱恋 aiai
30127,3301,喜欢看恋恋姐吃东西哈哈哈,,,,YwY.
30128,3301,喜欢看玩游戏高智的表现，真的太厉害了,,,,小吴想一直在场
30129,3301,很喜欢恋恋姐的长视频，分享音乐，书籍，电影。听恋恋姐说话，有种娓娓道来的感觉，语气平和让人很想听下去。,,,,W.LIN
30130,3301,srds其实无时无刻的刘恋我都爱，日常分享、游戏直播、演出瞬间......但尤其喜欢认真分享她的思想和观点的刘恋，很有魅力的同时也会让我对很多事情由不了解转变为去思考。,,,,2229_
30131,3301,分享自己的所思所想 好物推荐啦等等,,,,肠胃炎
30132,3301,笑得很灿烂的每一个鲜活时刻,,,,一一站住不许跑
30133,3301,分享读书心得，因为你我真的多读了几本书。,,,,Tetrahydrofuran_
30134,3301,,,,,rain
30135,3301,喜欢头发软软眼睛亮亮的妹宝恋,,,,萧个蛋挞
30136,3301,在我梦里跟我聊天的刘恋,,,,回忆专宠小能喵
30137,3301,小孩子才做选择，大孩子当然是全都要！,,,,1105号阿念
30138,3301,精神美妆系列！好爱姐缓缓讲述那些有趣的书和自己的思考,,,,Maxine
30139,3301,我喜欢她所有的样子。,,,,阿卡
30140,3301,她会娓娓道来一本书的故事，脑海里有无穷无尽的典故，总是坚定又自由,,,,夏之恋llll
30141,3301,所有的样子。所以你放松想做什么做什么，我会全自动爱你。,,,,玛卡巴卡混账到老
30142,3301,旅行中的刘恋，做饭的刘恋，玩游戏时候的刘恋，感觉是现实里身边那个傻傻的又机灵可爱的朋友,,,,ike
30143,3301,生活日常恋吧，超级喜欢她平平淡淡不忙碌生活的样子,,,,阿七
30144,3301,爱每一次分享内容的恋恋，永远被高智吸引~,,,,加绒
30145,3301,变魔术的恋恋,,,,大尻
30146,3301,日常生活中的恋恋,,,,摇一摇
30147,3301,是枕边迷航巡演的第一站厦门。第一次看姐线下演出，在台下大喊“刘恋上班”时，姐拿着酒杯透过帘子偷看我们，在被发现后，嘻嘻笑得很可爱。后来我发现姐姐原来也会紧张，很真实，很可爱。就感觉我是在爱一个真实的人，而不是一个被资本堆砌出来的文化符号。,,,,Huan
30148,3301,做PPT的时候，尤其是哔哩哔哩长视频的PPT和视频包装，好有才喔,,,,马天天天
30149,3301,说来会被笑话，确实是盲目地，爱所有形态的刘恋。挚爱：认真输出高质视频为女性主义发声的妳。,,,,陈xr
30150,3301,做广告的恋，给TME写的“我一直在听”惊住了当时做大广赛的我，干了这行更发现恋的厉害,,,,二哈
30151,3301,在玩胡闹厨房的时候 还有分享个人好物 让我们看到恋恋可爱童心又认真生活的一面,,,,小蝴蝶Sylvia
30152,3301,分享书籍时的条理清晰，春风化雨般刘恋，即兴创作时的反应敏捷，才华横溢的刘恋。,,,,就酱儿
30153,3301,拥有无限“美食”创意的厨师恋,,,,虾条
30154,3301,说话的时候，太迷人了，我是说话粉,,,,理论摄影部
30155,3301,分享书籍，讲故事，讲自己的观点，日常发言都很迷人啊,,,,江鸟
30156,3301,生活中她吧，比如《不做ppt的日常》中的恋姐,,,,薯条一盒
30157,3301,生活自理能力指数为负的刘恋  ,,,,和桃桃争宠
30158,3301,吃饭吧,,,,Kkxxx
30159,3301,当然是所有的刘恋我都爱啊！刘恋全肯定！,,,,奕只屁屁桃
30160,3301,爱着刘恋的每一刻,,,,到现在你还在场
30161,3301,写广告文案的刘恋，我超爱,,,,女人不要生气
30162,3301,不在舞台镜头记录里的刘恋也很可爱，有意思,,,,hia
30163,3301,生活中的智性恋天花板，最强大脑小刘,,,,爱羽球的小耗子
30164,3301,头发软软的小女孩，永远有试错的机会所以尽情去做你想做的一切吧，我是刘恋全肯定,,,,不困
30165,3301,自由随性,,,,闻起来也不像个受
30166,3301,与工作中反差萌的生活不能自理（褒义）,,,,KIYO
30167,3301,思考的时候逻辑性很强的感觉,,,,范德贝克
30168,3301,严谨而大胆的表达欲和有趣的大脑灵魂构成的她,,,,鱼信国王13
30169,3301,全部。,,,,只喜欢刘恋
30170,3301,一直觉得这句歌词很刘恋“保持内心温柔而灵魂自由”，一直在温柔地给大家科普、灌输有趣、严肃、大爱等诸如此类的内容，恋女士真了不起！,,,,林詩梅
30171,3301,舞台下和粉丝萌萌聊天的刘恋，不一定灵但是认真给粉丝祝福的刘恋,,,,吃悬浮
30172,3301,聊天时牙尖的刘恋，生活中傲娇的炸厨房的刘恋，访谈时思想深刻表达独到的刘恋，哪怕是哭泣流泪的脆弱的刘恋也依然让人心动,,,,掉色蓝水母
30173,3301,很喜欢恋恋的精神美妆！,,,,ppeuppeu(噗噗）
30174,3301,喜欢舞台下的刘恋，喜欢她讲话时的语气，声音，与我们分享日常的时候，开直播跟我们打游戏，放烟花，喜欢你本身就是一件美好的事情,,,,不想吃饭le
30175,3301,每次直播带着我们陪你做事的时候，就像朋友一样在打视频，给我们分享你的近况,,,,躺躺（Tttt.）
30176,3301,喜欢偷偷营业的姐，非常有生活气息,,,,WiSH.
30177,3301,说话时牙尖嘴利的小熊猫,,,,止望海
30178,3301,喜欢直播的时候，很随性很真实很有活人感，以及展现大脑魅力的时候,,,,mymy
30179,3301,舞台之外也认真生活着的她,,,,h一线
30180,3301,智性恋天花板 只要不进厨房都爱,,,,子千
30181,3301,喜欢做饭的刘恋 在完美背后有一点小瑕疵的恋,,,,蜗牛壳
30182,3301,,,,,迷恋不营业
30183,3301,充满智慧的大脑，生活不能自理，共情能力强，是个善良又萌萌的女孩子,,,,baymax6-
30184,3301,生活中的话，我感觉恋恋无论做什么我都觉得很爱很爱！和朋友、粉丝打趣时可爱，脑洞大开做出创意菜时可爱，直播煮螺蛳粉、放烟花、玩游戏时更是可爱到不行。就连直播设备老调不好，嘴上说着放弃，转头又倔强地重新调试好的样子，也格外可爱！不得不说，凭着这样鲜活又认真的个性，恋恋做什么都一定会成功！,,,,凌云木LMX
30185,3301,在场demo版有点忧伤和破碎的，私下里经常丢东西上演各种小笑话的刘恋，表面上这么厉害的人脆弱和天真的时刻。还有自恋牙尖，和朋友在一起的刘恋,,,,bourbon
30186,3301,说话的时候 聪明的女人十分性感,,,,77
30187,3301,和我对视的你，会用真挚的眼神回应,,,,KkkAwAiiii_卡卡
30188,3301,手真的很凉，为什么在那么热的场馆演出完签售时握手手还是凉的,,,,成ke星xingxing 
30189,3301,在生活中的 出去玩的 特别鲜活的恋恋,,,,星荷Lotus 
30190,3301,爱在舞台下伶牙俐齿，嘎嘎怼人的小熊猫。还有台下头发软软，共情能力超强的小熊猫,,,,缺牙巴贝壳
30191,3301,生命力迸发的每一个瞬间,,,,苏格拉没有底
30192,3301,智性恋天菜，北大才女，我心中最优秀的作词家，每句词都戳中我,,,,优雅气质小熊猫
30193,3301,我最喜欢素颜的恋恋啦，是不一样的风格，化妆有的时候太被当下的审美标准裹挟，但是真实的素颜的你最最最迷人啦，希望多素颜出镜呀,,,,小太阳阳阳昂
30194,3301,喜欢在生活里的姐，会让人觉得很坦诚很真实很有趣，给人的感觉更加立体。,,,,潮汐
30195,3301,软乎乎，犯糊涂的时候。,,,,金盆洗手版的憨
30196,3301,好多面，聪明的她、真诚的她、小巧思的她……,,,,HAN
30197,3301,每一个真实的刘恋,,,,吃饭喝粥吧
30198,3301,#刘恋不做PPT的日常#、#精神美妆#......每一面的刘恋都很爱,,,,那就吃颗糖好了_
30199,3301,萌萌的很安心（我是妈粉,,,,Hasdeztwazi
30200,3301,每次直播就好像朋友一样，舞台上业务全能，舞台之外愿意展露你的柔软可爱俏皮牙尖,,,,嘎嘣脆小靖
30201,3301,分享关于自己喜欢的一切vlog,,,,张文Rose
30202,3301,认真干饭的小恋真的好萌啊好想rua ,,,,咂酱面_
30203,3301,,,,,小能
30204,3301,可爱小恋，聪明小恋，温柔小恋…所有的恋恋我都超爱！,,,,啦啦啦波小吉 
30205,3301,做广告的时候，写文案的时候，很乙方，很喜欢,,,,梦想是成为闲鱼王
30206,3301,发表自己见解时候的刘恋吧,,,,#85
30207,3301,我喜欢在自己生活里悠然自得的恋恋，我其实很喜欢去年和今年过年发的vlog，我喜欢这样的恋砸,,,,麻瓜小王
30208,3301,最爱笨笨的犯傻的恋恋 特别可爱    ,,,,祈求白昼
30209,3301,我爱那待人真诚 随性但有时又犯迷糊的恋恋,,,,老虎欣
30210,3301,各种各样的都爱,,,,试图不熬夜
30211,3301,说话的刘恋，世上怎么会有如此妙语连珠之人,,,,爪巴
30212,3301,发现日常的恋恋其实很萌....,,,,蕊蕊要吃冰淇淋
30213,3301,“搞艺术的富婆”是电台访谈/采访里的理性，当然会下厨的时候是最可爱的,,,,浣熊没有脑袋
30214,3301,打辩论的刘恋,,,,明明乖乖
30215,3301,和朋友一起玩儿的刘恋 开开心心的,,,,嘟嘟
30216,3301,很多时刻，和朋友一起呆呆萌萌的她，搞采访视频时敏锐理性的她，面对广告时对自己的自信与游刃有余…,,,,风沐凡尘
30217,3301,偶尔生活不能自理的笨蛋时刻,,,,华
30218,3301,表达个人看法的时候,,,,梨糖
30219,3301,在自己擅长领域侃侃而谈的时候眼睛亮亮的,,,,为堂
30220,3301,独一无二的审美和表达视角，偶尔迷糊的萌，吃东西很可爱还很香！怎么都爱！,,,,果冻
30221,3301,发表自己见解的时候，浑身都散发这魅力！,,,,恋恋许愿池
30222,3301,爱上的是 在日常生活中反差可爱 在辩论舞台上颤抖激动 在审美上有独特想法 在生命中有缱绻见解 以及魅力吸引人的智慧的那个刘恋,,,,阿赤
30223,3301,身着便服自在生活的每一个瞬间里的刘恋,,,,可乐加冰
30224,3301,在讲解专业的时候真的太迷人了  ,,,,20190330一
30225,3301,喜欢刘恋的脑子，请让我啃一口（不是）。太喜欢恋恋姐散发智慧光芒的时候了，当然偶尔犯傻发呆放空也十分可爱。,,,,吃着菌儿
30226,3301,喜欢恋恋微醺的样子...那么聪明的人偶尔展露的傻气、很迷人,,,,絮
30227,3301,那太多了，不过我智性恋，她动脑的时候的样子最喜欢。,,,,星野
30228,3301,没有不爱的,,,,美味蟹堡王
30229,3302,我想出现在Mr.Miss刚成立的那一站。“早些相遇，听你天真话语”,,,,悄悄很安静
30230,3302,现在就很好,,,,奇衡三
30231,3302,在广告公司那一段，想体验并肩作战的感觉。,,,,恰逢在场-
30232,3302,想出现在毕业后到浪之前的时间里，有机会看到她的来时路。,,,,飞行器
30233,3302,高中吧 做个能和她同行回家的人 在千篇一律的固定路线上发生点不一样的事 比如去那家唱片店里听她喜欢的歌 多一个能试图看看她眼中的世界的人,,,,0_Yuzz
30234,3302,高中吧 很想和恋做同学时期的好朋友 一起胡闹 一起做只有上学时才可以干的事,,,,燊一_
30235,3302,我希望是25到30岁这一时期：在她对爱悲观 对事业迷茫 甚至写下“生命结束在30岁的尽头”的时候  坚定的告诉她“你值得被爱 你是世界上最厉害的小人儿 时间不会辜负你 这才哪到哪呢 你的人生远不止30岁的终点,,,,勤劳的猪啊
30236,3302,未来的每一站,,,,我的猫儿黄白身子金镶玉
30237,3302,出现在刘恋90岁的时候…没错，我就是想监督90岁的刘恋有没有继续唱歌…当然，也想告诉刘恋，我一直都在（抱抱）,,,,敦敦是个小太阳
30238,3302,你在小酒馆里唱歌的时候,,,,Salute
30239,3302,其实什么时候都好，每一站都有想说的话吧,,,,卡卡罗轩
30240,3302,想知道中二时期的恋是啥样的，然后和她一起去她常去的livehouse看演出,,,,初霁之阳
30241,3302,出现在浪3录制时期 我要分100个身给我姐投票,,,,小叽不哈气
30242,3302,蜗牛酒馆..虽然经常感叹遇到你是不是太晚了，但是我真的不想让你再回去吃一遍那时候的苦了...哎,,,,是馨鸭
30243,3302,Mr.Miss第一次驻唱的时候,,,,肖恩嗯呐
30244,3302,刘恋的奥德赛时期,,,,心动周期不到一秒
30245,3302,mrmiss刚成立还在驻唱的时候 想早点认识这个恋,,,,吃吃吃宵夜_
30246,3302,想陪她走每一段路。非要挑一段的话，高中大学吧。想陪她度过一点迷茫期，告诉她我会一直坚定地选择她的，不要害怕。,,,,风风风风晗
30247,3302,乐夏结束后那段时间吧,,,,草稻
30248,3302,未来吧，还要一起昂首挺胸的走进体育场呢,,,,xue
30249,3302,我选择在场，何时在场不取决于我，请寿星提交一下需求，我将无时无刻不做好需求保障工作,,,,划
30250,3302,刚刚成立乐队的时候吧,,,,imyrella
30251,3302,希望早点能认识你，成为原始股，以后可以骄傲的说,,,,L&J  
30252,3302,她上学时期最无力最紧绷的时候,,,,一只蛋挞
30253,3302,唱到80岁的恋姐吧，我怕我活不久哈哈。,,,,Kims
30254,3302,想和恋恋一起考大学。清晨一起读英语背古诗词，晚饭后一起在学校里哼着歌遛弯，深夜一起刷一本又一本练习题......最后一起飞到北京上大学！,,,,人鱼
30255,3302,我想去陪小时候的恋恋，可以在她去唱片店的时候做一个非常契合的搭子，在小酒馆和她一起享受,,,,三三得九巨蟹
30256,3302,我想出现在她还没成名、独自赶场的平凡一站。那时没有拥挤人群，没有耀眼灯光，就安安静静陪她走一段路，听她随口哼着还没写完的旋律，告诉她：你不用急着发光，会一直陪着你，从无名年少，走到人声鼎沸，全程在场,,,,小安娜琦
30257,3302,大学时期 等你下课一起走好吗～ 既想遇到你 也想上北大,,,,予寧冬
30258,3302,出现在她最需要陪伴与支持的时候叭 这段路…可以是过去 也可以是未来！,,,,不署名的爱意
30259,3302,,,,,这是一个憨憨的号
30260,3302,组合第一次演出的时候吧，希望我可以在每一个现场，看看那时候还有脸颊肉的小恋，坚定告诉她，她很值得爱，体验一下前排视角,,,,拖延症小王
30261,3302,想在她第一次试验乘风鸡翅的时候大声吆喝“这真特么巨好吃，刘恋你继续做，我啥都吃”,,,,小笛子lldg
30262,3302,出现在她被刘爸踹椅子的时候，我要大声指出刘恋画的塔没斜！,,,,温开水
30263,3302,上高中时候吧，想和你一起体验学生时代，做你的朋友，陪你上课下课看演出。,,,,昀卿
30264,3302,她最难的那一站，最难熬的时候也最难忘。,,,,kiki
30265,3302,浪三三公被淘汰的那一段路,,,,Cc
30266,3302,一定要选的话希望是高中或者是大学毕业的那个时候，希望可以在姐迷茫孤独的时候可以让她感觉好一点,,,,Yuanlizhinv_lian
30267,3302,陪小恋在高中校园散步，一起玩音乐（其实不懂音乐只能当小迷妹）,,,,iFyyylx
30268,3302,刚养桃桃的那一阵，协助她一起教导桃桃，别再爆冲了,,,,阿熊
30269,3302,想出现在刘恋90岁的livehouse,,,,可以喝酒_
30270,3302,想出现在你发第一张专辑的时候,,,,wLAN丸
30271,3302,不太好意思陪她走，认知等等差太多，那等我老了陪年轻的她走一走(大学刚毕业那会儿,,,,aoife
30272,3302,三公 刘恋你真的很棒了,,,,末日最后一只猫
30273,3302,浪三那段时期吧,,,,Zest Quest Xenia
30274,3302,从认识到现在,,,,关东煮捞下
30275,3302,依然是浪姐初期吧，如果我的出现能让她更开心一点、待得更久一点就好了,,,,18hours_PEACHY 
30276,3302,想出现在浪三刚开始的时候 如果可以想抱抱她 告诉她你真的值得被爱,,,,玛卡jin424
30277,3302,浪三的时候，接你下班,,,,饭团团
30278,3302,陪姐在公园画斜塔吧，主要我想看看咱爸是怎么踹凳子的   ,,,,小羊要悄悄逃离这个失眠的世界啊
30279,3302,刚组乐队的时候吧，国内对爵士的普及度和接纳程度有点低，内时候应该是没有很多人来细品你们的音乐吧。,,,,云里做梦219
30280,3302,高中的你吧，陪你见证那段属于你的青春大电影,,,,"不如就活个尽兴
"
30281,3302,浪三刚开始的时候吧,,,,"土豆大王
"
30282,3302,刚参加浪姐的那一会或者在姐姐心情郁闷的时候。想给姐姐一个抱抱对姐姐说还有我陪着你呢,,,,vng
30283,3302,想看看上大学的恋姐,,,,云在匆匆流淌
30284,3302,浪3那一站吧,,,,Jia
30285,3302,高中时期吧 想和恋恋姐做朋友,,,,恋旧祎雨落
30286,3302,恋恋在广告公司学习技能、丰富经历、施展才能的几年，想跟姐一起学习，见识一下姐在正经职场上意气风发大展拳脚的样子。,,,,暂时遗弃
30287,3302,我想出现在恋恋浪姐初舞台到离开,,,,小农民
30288,3302,浪3开始的时候,,,,柒予
30289,3302,现在吧,,,,熊饼
30290,3302,高中时期的恋恋,,,,心动颜究日记_锦鲤版
30291,3302,高中或大学吧，想看看18岁的恋恋是什么样子的,,,,一条好鱼
30292,3302,2026的恋恋，陪她继续唱歌,,,,小喵喵叠猫猫
30293,3302,现在和未来,,,,楠木头
30294,3302,奔赴九十岁的舞台，兑现约定，陪着恋恋一直唱到老。,,,,zzztw-zzztw
30295,3302,大学的恋恋，想看她稚嫩青涩的模样,,,,夏天能喝到金菠萝嘛
30296,3302,现在。永远拥有的现在。,,,,幻想家
30297,3302,高中时期，想陪恋姐走每天上学放学的路，希望能减少她的孤单感,,,,世界上最难写的就是自己的名字
30298,3302,都行，在場就行。,,,,小紙
30299,3302,任何时期，告诉她有超级多的人爱她，一直在场,,,,甜心奶泡芙_
30300,3302,27岁吧 不过从现在开始大概要走到90岁了,,,,瑶瑶
30301,3302,想回到当年狂更b站的时候，天知道我多喜欢翻唱的《漠河舞厅》，想实时见证。不过一小段不太够了想陪伴在此之后的每一步。,,,,般弱星跳舞的阿离
30302,3302,童年时期，听听小时候的她有什么小烦恼，告诉她未来你是很厉害的大人,,,,LLMJ小明
30303,3302,写新歌的时候，可以一起讨论灵感，说不定能写出更多的有趣的歌,,,,Lodess云蜮
30304,3302,一小段不太够，以后还要一起走长长的路,,,,吃核桃不吐核桃壳
30305,3302,只有几个人的那场演出吧 静静听歌 结束后告诉她 之后会有很多人爱她,,,,Ly-Q-z
30306,3302,需要把票送给社区阿姨的时候。告诉你，你自有你的方向，也有你的河流。,,,,想退休
30307,3302,,,,,明天别熬夜了吭
30308,3302,那当然很贪心，不会只想是一小段,,,,菠萝饭不要灯笼椒
30309,3302,刚大学毕业时候的她,,,,江川送明月
30310,3302,高中的学生时代吧 因为我现在就是哈哈哈哈 对我来说我觉得高中生活包含了成长蜕变的痛苦与成就感 和限定的青春回忆 如果能作为她的伙伴 陪伴她，亦或只是看着她成长和经历这些 我就很满足且觉得幸运了 也许我还可以学到她是怎样一点点与她的梦想越靠越近的……,,,,甜甜秀秀雨_y
30311,3302,当下时期吧，刘恋永远在进步，现在的刘恋就是最好最值得遇见的刘恋,,,,方掷月
30312,3302,刘恋80岁时候，想听她谈谈这一生,,,,Beesssss
30313,3302,如果太早遇见刘恋，我可能不会那么喜欢她，我想…就是现在这段路，我希望久一点再久一点，这段路长一点再长一点。“永远”二字不是代表长度而是程度，我现在就是在想说“永远”的时刻！,,,,Bobi
30314,3302,她的20岁，想知道她也会迷茫吗,,,,Yohovo
30315,3302,浪3佳人录制期间,,,,刘恋琉璃鲸
30316,3302,浪3初舞台录制时期 ,,,,YKYBHL
30317,3302,该说不说，小恋以前参加的《中国达人秀》、《奇葩说》、《乐夏1》的时候，节目我都实时看过，但都没有深入去了解过。如果回到那时候，我一定一路支持你。,,,,mio
30318,3302,就是从浪3初舞台开始 不止这四年 我们还会有很多年 再来一次我还是从不后悔遇见你,,,,沐沐1031
30319,3302,认识她的时候 是老天安排我们见面的最好时间 如果可以 希望陪她尽量久一些…,,,,第一我不叫位
30320,3302,写别让自己太过消沉那时，告诉你未来会有很多人爱你,,,,玫瑰终究会开
30321,3302,酒吧驻唱时候吧，希望可以早点遇见你，早点陪你走过这些年的路,,,,onez洋
30322,3302,在刚进入音乐行业在酒吧驻唱的时候,,,,"小熊猫专车
"
30323,3302,浪3录制期间，想告诉你，好喜欢你，想听你一直唱下去,,,,天上有个小傻
30324,3302,三公淘汰的时候吧，我想让你知道其实有很多人喜欢你，别害怕，继续走,,,,la笔小昕
30325,3302,整个浪三时期。告诉她来了很多人爱你，不要自我怀疑。大声地一直唱下去吧！,,,,鱼鳍
30326,3302,浪三，什么也不说只想抱抱她,,,,週末愉快在場
30327,3302,高中放学的路上吧，一起骑自行车。陪她去唱片店挑专辑，然后吃一顿甜不辣或者肥肠粉，在十字路口披着夕阳。说明天见,,,,听你眼睛里的光
30328,3302,酒吧驻唱的时候就做她的忠实听众,,,,三以文
30329,3302,现在就很好,,,,梓木
30330,3302,未来吧，未来的每一步我都会在,,,,孤独魔法
30331,3302,我很长情，喜欢就会一直喜欢,,,,張張在东北等你
30332,3302,MM刚出道，那个时候很不容易吧。,,,,刘小泳007
30333,3302,想从Mr.miss的第一次演出就陪。真的是宝藏一颗,,,,咩了个咩
30334,3302,如果可以…我真的很想做你的同桌。大佬借我抄一下,,,,杀手
30335,3302,想出现在小恋那次演出电梯掉下去的那段时间，想告诉小恋：没事的，最后我们都活下来了，哈哈，你的高我给你安排这段剧情真的好糟糕呀，欺负人，但是应该是有意义的，想让你明白些什么，具体是什么呢，你好好想想吧,,,,NNNNNNK-
30336,3302,想出现在大学毕业时 是每个人最艰难迷茫的那几年,,,,鱼
30337,3302,,,,,养生小杨爱吃梨
30338,3302,浪三刚录制的时候,,,,BETCHA_
30339,3302,"奥美总监时期，一边走一边递给她我的简历。
",,,,木木木茗_
30340,3302,,,,,恋落云卷_
30341,3302,想在当年bluenote的台下听mrmiss唱歌，成为原始股,,,,排了好几公里
30342,3302,在她的学生时期吧，然后再看到她现在大红大紫，心中一定有很多感慨,,,,林一
30343,3302,大学时期 谁不想急头白脸的和大学时期的恋恋聊天呢,,,,小周
30344,3302,大学酒吧驻唱的时候吧，在观众席里听她唱歌。,,,,废纸团团
30345,3302,未来演出的每一站,,,,词不达意
30346,3302,在每一次你自我怀疑的时候，我都会一直在！哎呦，要是再早点认识你就好了。,,,,油油油油uu
30347,3302,有她的哪一站都行，不挑,,,,香槟两瓶
30348,3302,不要一小段 要永远。如果非得一小段那就在最低谷的时候吧,,,,土豆
30349,3302,未来一直在场,,,,一只会飞的猪呀_
30350,3302,当下吧,,,,Seven
30351,3302,在你最害怕迷茫的时候吧 如果我的鼓励可以缓解你的焦虑 哪怕只是听你发泄,,,,让我出去丸
30352,3302,刚出道的时候吧，最难的那几年，想抱抱姐姐（要是可以早点认识你就好了）,,,,迷恋
30353,3302,想出现在你驻唱的酒吧你。想谢谢你的坚持，因为你的坚持把你带到了我们眼前,,,,风筝线
30354,3302,,,,,爱恋 aiai
30355,3302,在小酒吧吧，现在总是会想然后可以早点认识你就好了,,,,YwY.
30356,3302,希望在浪三被淘汰之后吧，应该是挺emo的时期。,,,,小吴想一直在场
30357,3302,在未来恋恋姐离开舞台后吧，告诉她有很多人会一直爱着她,,,,W.LIN
30358,3302,希望是现在，告诉她爱她并不是一时兴起。,,,,2229_
30359,3302,现在,,,,肠胃炎
30360,3302,想出现在她写《消沉》的那段低迷的时间 互相陪伴安慰,,,,一一站住不许跑
30361,3302,浪后的第二年，告诉她真的做的很好了，也在越来越好了。,,,,Tetrahydrofuran_
30362,3302,,,,,rain
30363,3302,想在2016年，mm第一次开全国巡演的时候，想要全勤看到你每一次巡演的进步,,,,萧个蛋挞
30364,3302,大学，那我就是北大的了哈哈哈,,,,回忆专宠小能喵
30365,3302,高中吧！因为亲爱的小恋陪我走过了最青春最深刻的高中三年，青春期里就很爱的人我想一辈子就很难忘记吧…,,,,1105号阿念
30366,3302,高一，课业压力不大，但是又有一定的自由可以做喜欢的事了,,,,Maxine
30367,3302,现在，陪她一起到老,,,,阿卡
30368,3302,20岁 我想知道20岁的她是怎么活的,,,,夏之恋llll
30369,3302,下一站,,,,玛卡巴卡混账到老
30370,3302,大学时的恋，狂野的恋～一定是我想要结交的朋友,,,,ike
30371,3302,《奇谈》创作过程中，不要焦虑，这会是很伟大的作品,,,,阿七
30372,3302,出现在每个深夜工作时吧，给她煮东西吃,,,,加绒
30373,3302,未来...,,,,大尻
30374,3302,现在就不错   ,,,,摇一摇
30375,3302,陪创作《给我唱首歌》那个时期的刘恋走走，想陪她晒晒太阳，散散步，给她做点她爱吃的菜。,,,,Huan
30376,3302,现在,,,,马天天天
30377,3302,2024年9月前后，在#如果音乐有形状#的商演现场唱着《这世界有那么多人》和《生生不息》，直到2025年初那段时间。,,,,陈xr
30378,3302,未来吧，希望未来有更好的我陪刘恋,,,,二哈
30379,3302,大学时候吧 参加校园歌手比赛开始 做最早的一批粉丝！,,,,小蝴蝶Sylvia
30380,3302,大学或大学以后，那段比较艰难迷茫的时候。,,,,就酱儿
30381,3302,大学吧，因为我现在也在上大学，感觉能有恋恋这样的同学在身边，听她讲她的奇思妙想与梦想远方，我会受到很大的启迪与鼓舞,,,,虾条
30382,3302,高中吧，真的好想和她校园好友，一起学习，哎呀快教我学学数学和英语,,,,理论摄影部
30383,3302,蜗牛小酒馆,,,,江鸟
30384,3302,在她最迷茫的时候吧，可能我的出现并不会带来什么，但至少可以给她鼓励，减轻一点焦虑,,,,薯条一盒
30385,3302,就现在嘛 我也帮不到她什么就每天跟在她屁股后面说哇塞你太厉害了哇塞这个词写的太好了哇塞～～,,,,和桃桃争宠
30386,3302,90岁 我们一起养老,,,,Kkxxx
30387,3302,高中，真的很想知道成都七中的传说,,,,奕只屁屁桃
30388,3302,高中。学姐你学习成绩好得我想看看你脑子什么样,,,,到现在你还在场
30389,3302,以后的每一小段，最好可以到老,,,,女人不要生气
30390,3302,现在,,,,hia
30391,3302,可能是恋恋最快乐的时候吧，我不一定可以帮她分担痛苦，但一定可以和她享受美好,,,,爱羽球的小耗子
30392,3302,所有妳不肯定自己的时候，想说我们小刘真的超棒,,,,不困
30393,3302,大学时期吧，那是我对恋子的第一印象。,,,,闻起来也不像个受
30394,3302,未来我们一起长长久久的走。,,,,KIYO
30395,3302,,,,,范德贝克
30396,3302,现在,,,,鱼信国王13
30397,3302,在她不相信自己值得的时候吧,,,,只喜欢刘恋
30398,3302,现在与未来。,,,,林詩梅
30399,3302,当下,,,,吃悬浮
30400,3302,高中的时候，和她一起听椎名林檎、聊林肯公园，陪着她抱抱她,,,,掉色蓝水母
30401,3302,想出现在没有人认识她的那一段路 想看一看还没有成名前的她,,,,ppeuppeu(噗噗）
30402,3302,现在,,,,不想吃饭le
30403,3302,当然是浪三前就认识呀，因为我坚信以后的日子都在，所以要早一点遇见,,,,躺躺（Tttt.）
30404,3302,每一站,,,,WiSH.
30405,3302,,,,,止望海
30406,3302,在她不自信的时候,,,,mymy
30407,3302,就是现在,,,,h一线
30408,3302,给暗恋对象抄唐诗宋词的时候 告诉她 别说背书了 就算她目不识丁在我眼里也是最棒的刘恋,,,,子千
30409,3302,现在 此刻就是最好的,,,,蜗牛壳
30410,3302,,,,,迷恋不营业
30411,3302,写出消沉的那个时期，你很好，很棒了,,,,baymax6-
30412,3302,去到恋恋不自信的时候，好好鼓励她！,,,,凌云木LMX
30413,3302,想在cd店/live现场偶遇小小恋留下合照加上各种社交媒体，看看没受到很大关注的时候在做什么发了什么有趣的内容,,,,bourbon
30414,3302,小时候——想参与她的过去,,,,77
30415,3302,现在吧，珍惜每一个当下,,,,KkkAwAiiii_卡卡
30416,3302,把入坑时间往前推一点点 如果在浪姐就能认识刘恋可能台下举手幅的人就会多一个,,,,成ke星xingxing 
30417,3302,出现在恋恋低谷期 陪伴她告诉她有好多好多人在爱着她支持她 她真的超级超级棒！！！,,,,星荷Lotus 
30418,3302,最想出现在恋子刚刚组成乐队开始向外闯荡的时候，在某一次演出之后，我会眼睛亮亮的看着她，告诉她她以后一定会成为一个很棒很棒的歌手创作者，我会支持她一直走下去！,,,,缺牙巴贝壳
30419,3302,刚毕业在卫生间都要踩着砖头上的出租屋时候，给姐姐陪伴和支持,,,,苏格拉没有底
30420,3302,高考完，初入大学。想看看青涩的刘恋，陪伴她的青春,,,,优雅气质小熊猫
30421,3302,我想出现在中学时期，我希望可以是姐姐亦敌亦友的bestie,,,,小太阳阳阳昂
30422,3302,她的中学时代吧，想知道姐平时到底是怎么学习的……,,,,潮汐
30423,3302,就现在。,,,,金盆洗手版的憨
30424,3302,MM刚开始演出的时候吧（好想早一点认识她）,,,,HAN
30425,3302,现在。未来的一切成就现在的我们。而现在的我们还能有未来。,,,,吃饭喝粥吧
30426,3302,珍惜现在,,,,那就吃颗糖好了_
30427,3302,,,,,Hasdeztwazi
30428,3302,浪3，很遗憾没能陪你走过那段时间,,,,嘎嘣脆小靖
30429,3302,上班时期,,,,张文Rose
30430,3302,全部时期,,,,咂酱面_
30431,3302,,,,,小能
30432,3302,恋恋不开心的时候，想轻轻拍一拍她的背，抱抱她。,,,,啦啦啦波小吉 
30433,3302,每次遛狗的时候！,,,,梦想是成为闲鱼王
30434,3302,深夜的下班路吧,,,,#85
30435,3302,读大学的时候,,,,麻瓜小王
30436,3302,每个时期我都想陪咋办 ,,,,祈求白昼
30437,3302,写《别让自己太过消沉》的时期/每一个她否定自己的时期/,,,,老虎欣
30438,3302,一直,,,,试图不熬夜
30439,3302,,,,,爪巴
30440,3302,好难选！我选择陪她一直走下去可以吗,,,,蕊蕊要吃冰淇淋
30441,3302,"酒吧驻唱，
想问问要不要一起喝一杯，或者等到下班之后散散步",,,,浣熊没有脑袋
30442,3302,高中时期吧,,,,明明乖乖
30443,3302,现在吧 当下就是最好,,,,嘟嘟
30444,3302,每一秒都可以,,,,风沐凡尘
30445,3302,未来 这样的话就能证明我一直在场,,,,华
30446,3302,深夜，社畜恋下班回家的路上,,,,梨糖
30447,3302,现在，以及未来的每一站,,,,为堂
30448,3302,一直陪伴,,,,果冻
30449,3302,鼓浪屿的小街上,,,,恋恋许愿池
30450,3302,从他的来时路 到属于他的永远,,,,阿赤
30451,3302,16年10月份吧，从巡演的第一站开始。走过无人问津，走向灯火辉煌。,,,,可乐加冰
30452,3302,刚毕业时，也许可以像她请教和学习,,,,20190330一
30453,3302,过去，现在和未来的每一站,,,,吃着菌儿
30454,3302,大学吧。想一起翘课、去酒吧听恋恋唱歌。,,,,絮
30455,3302,不存在这个如果啊，现在作为她粉丝的我，不就是在陪她这一段旅程吗,,,,星野
30456,3302,现在吧，毕竟我现在爱你爱的痴迷。,,,,美味蟹堡王
30457,3303,   ,content/0013303.png,,,悄悄很安静
30458,3303,   ,content/0023303.png,,,奇衡三
30459,3303,   ,content/0033303.png,,,恰逢在场-
30460,3303,   ,content/0043303.jpg,,,飞行器
30461,3303,   ,content/0053303.png,,,0_Yuzz
30462,3303,   ,content/0063303.png,,,燊一_
30463,3303,   ,content/0073303.png,,,勤劳的猪啊
30464,3303,   ,content/0083303.png,,,我的猫儿黄白身子金镶玉
30465,3303,   ,content/0093303.png,,,敦敦是个小太阳
30466,3303,   ,content/0103303.png,,,Salute
30467,3303,   ,content/0113303.png,,,卡卡罗轩
30468,3303,   ,content/0123303.png,,,初霁之阳
30469,3303,   ,content/0133303.png,,,小叽不哈气
30470,3303,   ,content/0143303.png,,,是馨鸭
30471,3303,   ,content/0153303.png,,,肖恩嗯呐
30472,3303,   ,content/0163303.png,,,心动周期不到一秒
30473,3303,   ,content/0173303.png,,,吃吃吃宵夜_
30474,3303,   ,content/0183303.png,,,风风风风晗
30475,3303,   ,content/0193303.png,,,草稻
30476,3303,   ,content/0203303.png,,,xue
30477,3303,   ,content/0213303.png,,,划
30478,3303,   ,content/0223303.png,,,imyrella
30479,3303,   ,content/0233303.png,,,L&J  
30480,3303,   ,content/0243303.png,,,一只蛋挞
30481,3303,   ,content/0253303.png,,,Kims
30482,3303,   ,content/0263303.png,,,人鱼
30483,3303,   ,content/0273303.png,,,三三得九巨蟹
30484,3303,   ,content/0283303.png,,,小安娜琦
30485,3303,   ,content/0293303.png,,,予寧冬
30486,3303,   ,content/0303303.png,,,不署名的爱意
30487,3303,,,,,这是一个憨憨的号
30488,3303,   ,content/0323303.png,,,拖延症小王
30489,3303,   ,content/0333303.png,,,小笛子lldg
30490,3303,   ,content/0343303.png,,,温开水
30491,3303,   ,content/0353303.png,,,昀卿
30492,3303,   ,content/0363303.png,,,kiki
30493,3303,   ,content/0373303.png,,,Cc
30494,3303,   ,content/0383303.jpg,,,Yuanlizhinv_lian
30495,3303,   ,content/0393303.png,,,iFyyylx
30496,3303,   ,content/0403303.png,,,阿熊
30497,3303,   ,content/0413303.png,,,可以喝酒_
30498,3303,,,,,wLAN丸
30499,3303,   ,content/0433303.png,,,aoife
30500,3303,   ,content/0443303.png,,,末日最后一只猫
30501,3303,   ,content/0453303.png,,,Zest Quest Xenia
30502,3303,   ,content/0463303.png,,,关东煮捞下
30503,3303,   ,content/0473303.png,,,18hours_PEACHY 
30504,3303,   ,content/0483303.png,,,玛卡jin424
30505,3303,   ,content/0493303.png,,,饭团团
30506,3303,   ,content/0503303.png,,,小羊要悄悄逃离这个失眠的世界啊
30507,3303,   ,content/0513303.png,,,云里做梦219
30508,3303,,,,,"不如就活个尽兴
"
30509,3303,,,,,"土豆大王
"
30510,3303,   ,content/0543303.png,,,vng
30511,3303,   ,content/0553303.png,,,云在匆匆流淌
30512,3303,   ,content/0563303.png,,,Jia
30513,3303,,content/0573303.jpeg,,,恋旧祎雨落
30514,3303,   ,content/0583303.png,,,暂时遗弃
30515,3303,   ,content/0593303.png,,,小农民
30516,3303,   ,content/0603303.png,,,柒予
30517,3303,   ,content/0613303.png,,,熊饼
30518,3303,   ,content/0623303.png,,,心动颜究日记_锦鲤版
30519,3303,   ,content/0633303.png,,,一条好鱼
30520,3303,   ,content/0643303.png,,,小喵喵叠猫猫
30521,3303,   ,content/0653303.png,,,楠木头
30522,3303,,,,,zzztw-zzztw
30523,3303,   ,content/0673303.png,,,夏天能喝到金菠萝嘛
30524,3303,   ,content/0683303.png,,,幻想家
30525,3303,   ,content/0693303.png,,,世界上最难写的就是自己的名字
30526,3303,,,,,小紙
30527,3303,   ,content/0713303.png,,,甜心奶泡芙_
30528,3303,我每次上学都要走的一段路 十分钟 走了三年 虽然就是老小区里光秃秃的一段路 今年开学那一天下了大雪 漫天飞舞的大雪 落下来 耳机里放着一滴露水的回答 竟然掉下眼泪来,content/0723303.png,,,瑶瑶
30529,3303,   ,content/0733303.png,,,般弱星跳舞的阿离
30530,3303,   ,content/0743303.png,,,LLMJ小明
30531,3303,   ,content/0753303.png,,,Lodess云蜮
30532,3303,   ,content/0763303.png,,,吃核桃不吐核桃壳
30533,3303,   ,content/0773303.png,,,Ly-Q-z
30534,3303,   ,content/0783303.png,,,想退休
30535,3303,   ,content/0793303.jpg,,,明天别熬夜了吭
30536,3303,   ,content/0803303.png,,,菠萝饭不要灯笼椒
30537,3303,   ,content/0813303.png,,,江川送明月
30538,3303,   ,content/0823303.png,,,甜甜秀秀雨_y
30539,3303,   ,content/0833303.png,,,方掷月
30540,3303,   ,content/0843303.png,,,Beesssss
30541,3303,   ,content/0853303.png,,,Bobi
30542,3303,   ,content/0863303.png,,,Yohovo
30543,3303,   ,content/0873303.png,,,刘恋琉璃鲸
30544,3303,   ,content/0883303.png,,,YKYBHL
30545,3303,   ,content/0893303.png,,,mio
30546,3303,   ,content/0903303.png,,,沐沐1031
30547,3303,   ,content/0913303.png,,,第一我不叫位
30548,3303,   ,content/0923303.png,,,玫瑰终究会开
30549,3303,   ,content/0933303.png,,,onez洋
30550,3303,   ,content/0943303.png,,,"小熊猫专车
"
30551,3303,   ,content/0953303.png,,,天上有个小傻
30552,3303,   ,content/0963303.png,,,la笔小昕
30553,3303,   ,content/0973303.png,,,鱼鳍
30554,3303,   ,content/0983303.png,,,週末愉快在場
30555,3303,   ,content/0993303.png,,,听你眼睛里的光
30556,3303,   ,content/1003303.png,,,三以文
30557,3303,   ,content/1013303.png,,,梓木
30558,3303,   ,content/1023303.png,,,孤独魔法
30559,3303,   ,content/1033303.png,,,張張在东北等你
30560,3303,   ,content/1043303.png,,,刘小泳007
30561,3303,   ,content/1053303.png,,,咩了个咩
30562,3303,   ,content/1063303.png,,,杀手
30563,3303,   ,content/1073303.png,,,NNNNNNK-
30564,3303,   ,content/1083303.png,,,鱼
30565,3303,,,,,养生小杨爱吃梨
30566,3303,   ,content/1013303.png,,,BETCHA_
30567,3303,   ,content/1113303.png,,,木木木茗_
30568,3303,   ,content/1123303.png,,,恋落云卷_
30569,3303,   ,content/1133303.jpg,,,排了好几公里
30570,3303,浑河边的大雁（虽然有点像大鹅）,,,,林一
30571,3303,   ,content/1153303.jpg,,,小周
30572,3303,   ,content/1163303.png,,,废纸团团
30573,3303,   ,content/1173303.png,,,词不达意
30574,3303,   ,content/1183303.png,,,油油油油uu
30575,3303,,,,,香槟两瓶
30576,3303,   ,content/1203303.png,,,土豆
30577,3303,,,,,一只会飞的猪呀_
30578,3303,   ,content/1223303.jpg,,,Seven
30579,3303,我的第一只警犬六万 可能也是最后一只 好想让你看到她有多帅哈哈哈哈,content/1233303.png,,,让我出去丸
30580,3303,   ,content/1243303.png,,,迷恋
30581,3303,   ,content/1253303.png,,,风筝线
30582,3303,,,,,爱恋 aiai
30583,3303,   ,content/1273303.png,,,YwY.
30584,3303,   ,content/1283303.png,,,小吴想一直在场
30585,3303,   ,content/1293303.png,,,W.LIN
30586,3303,   ,content/1303303.png,,,2229_
30587,3303,   ,content/1313303.png,,,肠胃炎
30588,3303,   ,content/1323303.png,,,一一站住不许跑
30589,3303,,,,,Tetrahydrofuran_
30590,3303,,,,,rain
30591,3303,   ,content/1353303.png,,,萧个蛋挞
30592,3303,   ,content/1363303.png,,,回忆专宠小能喵
30593,3303,   ,content/1373303.png,,,1105号阿念
30594,3303,,content/1383303.jpeg,,,Maxine
30595,3303,   ,content/1393303.png,,,阿卡
30596,3303,   ,content/1403303.png,,,夏之恋llll
30597,3303,   ,content/1413303.png,,,玛卡巴卡混账到老
30598,3303,   ,content/1423303.png,,,ike
30599,3303,   ,content/1433303.png,,,阿七
30600,3303,   ,content/1443303.png,,,加绒
30601,3303,   ,content/1453303.png,,,大尻
30602,3303,   ,content/1463303.png,,,摇一摇
30603,3303,"在香港偶遇艺术家 7SoulsDeep的作品，刚好贴合我对你的浅浅偏爱：a little obsessed,a little in love.",content/1473303.jpg,,,Huan
30604,3303,   ,content/1483303.png,,,马天天天
30605,3303,   ,content/1493303.png,,,陈xr
30606,3303,   ,content/1503303.png,,,二哈
30607,3303,   ,content/1513303.png,,,小蝴蝶Sylvia
30608,3303,   ,content/1523303.png,,,就酱儿
30609,3303,   ,content/1533303.png,,,虾条
30610,3303,,,,,理论摄影部
30611,3303,   ,content/1553303.png,,,江鸟
30612,3303,   ,content/1563303.png,,,薯条一盒
30613,3303,   ,content/1573303.png,,,和桃桃争宠
30614,3303,,,,,Kkxxx
30615,3303,   ,content/1593303.png,,,奕只屁屁桃
30616,3303,   ,content/1603303.png,,,到现在你还在场
30617,3303,   ,content/1613303.png,,,女人不要生气
30618,3303,   ,content/1623303.png,,,hia
30619,3303,   ,content/1633303.png,,,爱羽球的小耗子
30620,3303,   ,content/1643303.png,,,不困
30621,3303,   ,content/1653303.png,,,闻起来也不像个受
30622,3303,   ,content/1663303.png,,,KIYO
30623,3303,   ,content/1673303.png,,,范德贝克
30624,3303,   ,content/1683303.png,,,鱼信国王13
30625,3303,   ,content/1693303.jpg,,,只喜欢刘恋
30626,3303,   ,content/1703303.png,,,林詩梅
30627,3303,   ,content/1713303.png,,,吃悬浮
30628,3303,   ,content/1723303.png,,,掉色蓝水母
30629,3303,   ,content/1733303.png,,,ppeuppeu(噗噗）
30630,3303,   ,content/1743303.png,,,不想吃饭le
30631,3303,,content/1753303.jpeg,,,躺躺（Tttt.）
30632,3303,   ,content/1763303.png,,,WiSH.
30633,3303,,,,,止望海
30634,3303,   ,content/1783303.png,,,mymy
30635,3303,   ,content/1793303.png,,,h一线
30636,3303,   ,content/1803303.png,,,子千
30637,3303,   ,content/1813303.png,,,蜗牛壳
30638,3303,,,,,迷恋不营业
30639,3303,,,,,baymax6-
30640,3303,   ,content/1843303.png,,,凌云木LMX
30641,3303,   ,content/1853303.png,,,bourbon
30642,3303,   ,content/1863303.png,,,77
30643,3303,   ,content/1873303.png,,,KkkAwAiiii_卡卡
30644,3303,   ,content/1883303.png,,,成ke星xingxing 
30645,3303,   ,content/1893303.png,,,星荷Lotus 
30646,3303,   ,content/1903303.png,,,缺牙巴贝壳
30647,3303,   ,content/1913303.png,,,苏格拉没有底
30648,3303,   ,content/1923303.png,,,优雅气质小熊猫
30649,3303,   ,content/1933303.png,,,小太阳阳阳昂
30650,3303,   ,content/1943303.jpg,,,潮汐
30651,3303,,,,,金盆洗手版的憨
30652,3303,   ,content/1963303.png,,,HAN
30653,3303,,,,,吃饭喝粥吧
30654,3303,   ,content/1983303.png,,,那就吃颗糖好了_
30655,3303,,,,,Hasdeztwazi
30656,3303,   ,content/2003303.png,,,嘎嘣脆小靖
30657,3303,   ,content/2013303.png,,,张文Rose
30658,3303,我家的拉布拉多，嘿嘿,,,,咂酱面_
30659,3303,   ,content/2033303.png,,,小能
30660,3303,,content/2043303.jpeg,,,啦啦啦波小吉 
30661,3303,,content/2053303.jpeg,,,梦想是成为闲鱼王
30662,3303,   ,content/2063303.png,,,#85
30663,3303,   ,content/2073303.png,,,麻瓜小王
30664,3303,   ,content/2083303.png,,,祈求白昼
30665,3303,   ,content/2093303.png,,,老虎欣
30666,3303,   ,content/2103303.png,,,试图不熬夜
30667,3303,   ,content/2113303.png,,,爪巴
30668,3303,   ,content/2123303.png,,,蕊蕊要吃冰淇淋
30669,3303,   ,content/2133303.png,,,浣熊没有脑袋
30670,3303,   ,content/2143303.png,,,明明乖乖
30671,3303,   ,content/2153303.png,,,嘟嘟
30672,3303,   ,content/2163303.jpg,,,风沐凡尘
30673,3303,   ,content/2173303.png,,,华
30674,3303,   ,content/2183303.png,,,梨糖
30675,3303,   ,content/2193303.png,,,为堂
30676,3303,   ,content/2203303.png,,,果冻
30677,3303,   ,content/2213303.png,,,恋恋许愿池
30678,3303,   ,content/2223303.png,,,阿赤
30679,3303,   ,content/2233303.png,,,可乐加冰
30680,3303,,content/2243303.jpeg,,,20190330一
30681,3303,   ,content/2253303.png,,,吃着菌儿
30682,3303,   ,content/2263303.png,,,絮
30683,3303,,,,,星野
30684,3303,   ,content/2283303.png,,,美味蟹堡王
30685,3303,,content/1.jpg,,,爱吃鱼丸的榴莲_贺图1
30686,3303,,content/2.jpg,,,爱吃鱼丸的榴莲_贺图2
30687,3303,,content/3.jpg,,,爱吃鱼丸的榴莲_贺图3
30688,3303,,content/4.jpg,,,爱吃鱼丸的榴莲_贺图4
30689,3303,,content/5.jpg,,,爱吃鱼丸的榴莲_贺图5
30690,3303,,content/shouhui.jpg,,,嗷呜一口小熊猫_手绘
30691,3303,,content/sige.png,,,般弱星跳舞的阿离_人生四格
30692,3303,,content/hetu.png,,,北-秦肆_ 贺图
30693,3303,,content/shougong.jpg,,,北-秦肆_ 手工
30694,3303,,content/6.jpg,,,是有猫猫阿can的阿熊_贺图
30695,3303,,content/jianzhi.png,,,肖恩嗯呐_剪纸
30696,3303,,,,content/zhufu2.MOV,恰逢在場- 生贺视频_“家里的一切才是最美的乐园”
